country_name,player_name,position,birth_date,player_id,match_confidence,source
Czech Republic,Matej Kovar,GK,2000-05-17,,unmatched,https://en.wikipedia.org/wiki/2026_FIFA_World_Cup_squads
Czech Republic,David Zima,DF,2000-11-08,,unmatched,https://en.wikipedia.org/wiki/2026_FIFA_World_Cup_squads
Czech Republic,Tomas Holes,DF,1993-03-31,,unmatched,https://en.wikipedia.org/wiki/2026_FIFA_World_Cup_squads
Czech Republic,Robin Hranac,DF,2000-01-29,,unmatched,https://en.wikipedia.org/wiki/2026_FIFA_World_Cup_squads
Czech Republic,Vladimir Coufal,DF,1992-08-22,,unmatched,https://en.wikipedia.org/wiki/2026_FIFA_World_Cup_squads
Czech Republic,Stepan Chaloupek,DF,2003-03-08,,unmatched,https://en.wikipedia.org/wiki/2026_FIFA_World_Cup_squads
Czech Republic,Ladislav Krejci,DF,1999-04-20,,unmatched,https://en.wikipedia.org/wiki/2026_FIFA_World_Cup_squads
Czech Republic,Vladimir Darida,MF,1990-08-08,,unmatched,https://en.wikipedia.org/wiki/2026_FIFA_World_Cup_squads
Czech Republic,Adam Hlozek,FW,2002-07-25,,unmatched,https://en.wikipedia.org/wiki/2026_FIFA_World_Cup_squads
Czech Republic,Patrik Schick,FW,1996-01-24,,unmatched,https://en.wikipedia.org/wiki/2026_FIFA_World_Cup_squads
Czech Republic,Jan Kuchta,FW,1997-01-08,,unmatched,https://en.wikipedia.org/wiki/2026_FIFA_World_Cup_squads
Czech Republic,Lukas Cerv,MF,2001-04-10,,unmatched,https://en.wikipedia.org/wiki/2026_FIFA_World_Cup_squads
Czech Republic,Mojmir Chytil,FW,1999-04-29,,unmatched,https://en.wikipedia.org/wiki/2026_FIFA_World_Cup_squads
Czech Republic,David Jurasek,DF,2000-08-07,,unmatched,https://en.wikipedia.org/wiki/2026_FIFA_World_Cup_squads
Czech Republic,Pavel Sulc,FW,2000-12-29,,unmatched,https://en.wikipedia.org/wiki/2026_FIFA_World_Cup_squads
Czech Republic,Jindrich Stanek,GK,1996-04-27,,unmatched,https://en.wikipedia.org/wiki/2026_FIFA_World_Cup_squads
Czech Republic,Lukas Provod,MF,1996-10-23,,unmatched,https://en.wikipedia.org/wiki/2026_FIFA_World_Cup_squads
Czech Republic,Michal Sadilek,MF,1999-05-31,,unmatched,https://en.wikipedia.org/wiki/2026_FIFA_World_Cup_squads
Czech Republic,Tomas Chory,FW,1995-01-26,,unmatched,https://en.wikipedia.org/wiki/2026_FIFA_World_Cup_squads
Czech Republic,Jaroslav Zeleny,DF,1992-08-20,,unmatched,https://en.wikipedia.org/wiki/2026_FIFA_World_Cup_squads
Czech Republic,David Doudera,DF,1998-05-31,,unmatched,https://en.wikipedia.org/wiki/2026_FIFA_World_Cup_squads
Czech Republic,Tomas Soucek,MF,1995-02-27,,unmatched,https://en.wikipedia.org/wiki/2026_FIFA_World_Cup_squads
Czech Republic,Lukas Hornicek,GK,2002-07-13,,unmatched,https://en.wikipedia.org/wiki/2026_FIFA_World_Cup_squads
Czech Republic,Alexandr Sojka,MF,2003-04-02,,unmatched,https://en.wikipedia.org/wiki/2026_FIFA_World_Cup_squads
Czech Republic,Hugo Sochurek,MF,2008-06-07,,unmatched,https://en.wikipedia.org/wiki/2026_FIFA_World_Cup_squads
Czech Republic,Denis Visinsky,FW,2003-03-21,,unmatched,https://en.wikipedia.org/wiki/2026_FIFA_World_Cup_squads
Mexico,Raul Rangel,GK,2000-02-25,,unmatched,https://en.wikipedia.org/wiki/2026_FIFA_World_Cup_squads
Mexico,Jorge Sanchez,DF,1997-12-10,P-05747,name+dob,https://en.wikipedia.org/wiki/2026_FIFA_World_Cup_squads
Mexico,Cesar Montes,DF,1997-02-24,P-05331,name+dob,https://en.wikipedia.org/wiki/2026_FIFA_World_Cup_squads
Mexico,Edson Alvarez,DF,1997-10-24,P-06622,name+dob,https://en.wikipedia.org/wiki/2026_FIFA_World_Cup_squads
Mexico,Johan Vasquez,DF,1998-10-22,P-02218,name+dob,https://en.wikipedia.org/wiki/2026_FIFA_World_Cup_squads
Mexico,Erik Lira,MF,2000-05-08,,unmatched,https://en.wikipedia.org/wiki/2026_FIFA_World_Cup_squads
Mexico,Luis Romo,MF,1995-06-05,P-08412,name+dob,https://en.wikipedia.org/wiki/2026_FIFA_World_Cup_squads
Mexico,Alvaro Fidalgo,MF,1997-04-09,,unmatched,https://en.wikipedia.org/wiki/2026_FIFA_World_Cup_squads
Mexico,Raul Jimenez,FW,1991-05-05,P-09596,name+dob,https://en.wikipedia.org/wiki/2026_FIFA_World_Cup_squads
Mexico,Alexis Vega,FW,1997-11-25,P-06945,name+dob,https://en.wikipedia.org/wiki/2026_FIFA_World_Cup_squads
Mexico,Santiago Gimenez,FW,2001-04-18,,unmatched,https://en.wikipedia.org/wiki/2026_FIFA_World_Cup_squads
Mexico,Carlos Acevedo,GK,1996-04-19,,unmatched,https://en.wikipedia.org/wiki/2026_FIFA_World_Cup_squads
Mexico,Guillermo Ochoa,GK,1985-07-13,P-08954,name+dob,https://en.wikipedia.org/wiki/2026_FIFA_World_Cup_squads
Mexico,Armando Gonzalez,FW,2003-04-20,P-03826,name-only,https://en.wikipedia.org/wiki/2026_FIFA_World_Cup_squads
Mexico,Israel Reyes,DF,2000-05-23,,unmatched,https://en.wikipedia.org/wiki/2026_FIFA_World_Cup_squads
Mexico,Julian Quinones,FW,1997-03-24,,unmatched,https://en.wikipedia.org/wiki/2026_FIFA_World_Cup_squads
Mexico,Orbelin Pineda,MF,1996-03-24,P-04358,name+dob,https://en.wikipedia.org/wiki/2026_FIFA_World_Cup_squads
Mexico,Obed Vargas,MF,2005-08-05,,unmatched,https://en.wikipedia.org/wiki/2026_FIFA_World_Cup_squads
Mexico,Gilberto Mora,MF,2008-10-14,,unmatched,https://en.wikipedia.org/wiki/2026_FIFA_World_Cup_squads
Mexico,Mateo Chavez,DF,2004-05-12,,unmatched,https://en.wikipedia.org/wiki/2026_FIFA_World_Cup_squads
Mexico,Cesar Huerta,FW,2000-12-03,,unmatched,https://en.wikipedia.org/wiki/2026_FIFA_World_Cup_squads
Mexico,Guillermo Martinez,FW,1995-03-15,,unmatched,https://en.wikipedia.org/wiki/2026_FIFA_World_Cup_squads
Mexico,Jesus Gallardo,DF,1994-08-15,P-00618,name+dob,https://en.wikipedia.org/wiki/2026_FIFA_World_Cup_squads
Mexico,Luis Chavez,MF,1996-01-15,P-09691,name+dob,https://en.wikipedia.org/wiki/2026_FIFA_World_Cup_squads
Mexico,Roberto Alvarado,FW,1998-09-07,P-09194,name+dob,https://en.wikipedia.org/wiki/2026_FIFA_World_Cup_squads
Mexico,Brian Gutierrez,MF,2003-06-17,,unmatched,https://en.wikipedia.org/wiki/2026_FIFA_World_Cup_squads
South Africa,Ronwen Williams,GK,1992-01-21,,unmatched,https://en.wikipedia.org/wiki/2026_FIFA_World_Cup_squads
South Africa,Thabang Matuludi,DF,1999-01-14,,unmatched,https://en.wikipedia.org/wiki/2026_FIFA_World_Cup_squads
South Africa,Khulumani Ndamane,DF,2004-02-05,,unmatched,https://en.wikipedia.org/wiki/2026_FIFA_World_Cup_squads
South Africa,Teboho Mokoena,MF,1997-01-24,P-08965,name-only,https://en.wikipedia.org/wiki/2026_FIFA_World_Cup_squads
South Africa,Thalente Mbatha,MF,2000-03-06,,unmatched,https://en.wikipedia.org/wiki/2026_FIFA_World_Cup_squads
South Africa,Aubrey Modiba,DF,1995-07-22,,unmatched,https://en.wikipedia.org/wiki/2026_FIFA_World_Cup_squads
South Africa,Oswin Appollis,FW,2001-08-25,,unmatched,https://en.wikipedia.org/wiki/2026_FIFA_World_Cup_squads
South Africa,Tshepang Moremi,FW,2000-10-02,,unmatched,https://en.wikipedia.org/wiki/2026_FIFA_World_Cup_squads
South Africa,Lyle Foster,FW,2000-09-03,,unmatched,https://en.wikipedia.org/wiki/2026_FIFA_World_Cup_squads
South Africa,Relebohile Mofokeng,FW,2004-10-23,,unmatched,https://en.wikipedia.org/wiki/2026_FIFA_World_Cup_squads
South Africa,Themba Zwane,MF,1989-08-03,,unmatched,https://en.wikipedia.org/wiki/2026_FIFA_World_Cup_squads
South Africa,Thapelo Maseko,FW,2003-11-11,,unmatched,https://en.wikipedia.org/wiki/2026_FIFA_World_Cup_squads
South Africa,Sphephelo Sithole,MF,1999-03-03,,unmatched,https://en.wikipedia.org/wiki/2026_FIFA_World_Cup_squads
South Africa,Mbekezeli Mbokazi,DF,2005-09-19,,unmatched,https://en.wikipedia.org/wiki/2026_FIFA_World_Cup_squads
South Africa,Iqraam Rayners,FW,1995-12-19,,unmatched,https://en.wikipedia.org/wiki/2026_FIFA_World_Cup_squads
South Africa,Sipho Chaine,GK,1996-12-14,,unmatched,https://en.wikipedia.org/wiki/2026_FIFA_World_Cup_squads
South Africa,Evidence Makgopa,FW,2000-06-05,,unmatched,https://en.wikipedia.org/wiki/2026_FIFA_World_Cup_squads
South Africa,Samukele Kabini,DF,2004-03-15,,unmatched,https://en.wikipedia.org/wiki/2026_FIFA_World_Cup_squads
South Africa,Nkosinathi Sibisi,DF,1995-09-22,,unmatched,https://en.wikipedia.org/wiki/2026_FIFA_World_Cup_squads
South Africa,Khuliso Mudau,DF,1995-04-26,,unmatched,https://en.wikipedia.org/wiki/2026_FIFA_World_Cup_squads
South Africa,Ime Okon,DF,2004-02-20,,unmatched,https://en.wikipedia.org/wiki/2026_FIFA_World_Cup_squads
South Africa,Ricardo Goss,GK,1994-04-02,,unmatched,https://en.wikipedia.org/wiki/2026_FIFA_World_Cup_squads
South Africa,Jayden Adams,MF,2001-05-05,,unmatched,https://en.wikipedia.org/wiki/2026_FIFA_World_Cup_squads
South Africa,Olwethu Makhanya,DF,2004-04-30,,unmatched,https://en.wikipedia.org/wiki/2026_FIFA_World_Cup_squads
South Africa,Kamogelo Sebelebele,FW,2002-07-21,,unmatched,https://en.wikipedia.org/wiki/2026_FIFA_World_Cup_squads
South Africa,Bradley Cross,DF,2001-01-30,,unmatched,https://en.wikipedia.org/wiki/2026_FIFA_World_Cup_squads
South Korea,Seung-gyu Kim,GK,1990-09-30,P-00198,name+dob,https://en.wikipedia.org/wiki/2026_FIFA_World_Cup_squads
South Korea,Han-beom Lee,DF,2002-06-17,,unmatched,https://en.wikipedia.org/wiki/2026_FIFA_World_Cup_squads
South Korea,Gi-hyuk Lee,MF,2000-07-07,,unmatched,https://en.wikipedia.org/wiki/2026_FIFA_World_Cup_squads
South Korea,Min-jae Kim,DF,1996-11-15,,unmatched,https://en.wikipedia.org/wiki/2026_FIFA_World_Cup_squads
South Korea,Tae-hyeon Kim,DF,2000-09-17,,unmatched,https://en.wikipedia.org/wiki/2026_FIFA_World_Cup_squads
South Korea,In-beom Hwang,MF,1996-09-20,,unmatched,https://en.wikipedia.org/wiki/2026_FIFA_World_Cup_squads
South Korea,Heung-min Son,FW,1992-07-08,P-04714,name+dob,https://en.wikipedia.org/wiki/2026_FIFA_World_Cup_squads
South Korea,Seung-ho Paik,MF,1997-03-17,,unmatched,https://en.wikipedia.org/wiki/2026_FIFA_World_Cup_squads
South Korea,Gue-sung Cho,FW,1998-01-25,,unmatched,https://en.wikipedia.org/wiki/2026_FIFA_World_Cup_squads
South Korea,Jae-sung Lee,MF,1992-08-10,P-08499,name+dob,https://en.wikipedia.org/wiki/2026_FIFA_World_Cup_squads
South Korea,Hee-chan Hwang,MF,1996-01-26,P-03730,name+dob,https://en.wikipedia.org/wiki/2026_FIFA_World_Cup_squads
South Korea,Bum-keun Song,GK,1997-10-15,,unmatched,https://en.wikipedia.org/wiki/2026_FIFA_World_Cup_squads
South Korea,Tae-seok Lee,DF,2002-07-28,,unmatched,https://en.wikipedia.org/wiki/2026_FIFA_World_Cup_squads
South Korea,Wi-je Cho,DF,2001-08-25,,unmatched,https://en.wikipedia.org/wiki/2026_FIFA_World_Cup_squads
South Korea,Moon-hwan Kim,DF,1995-08-01,,unmatched,https://en.wikipedia.org/wiki/2026_FIFA_World_Cup_squads
South Korea,Jin-seob Park,DF,1995-10-23,,unmatched,https://en.wikipedia.org/wiki/2026_FIFA_World_Cup_squads
South Korea,Jun-ho Bae,MF,2003-08-21,,unmatched,https://en.wikipedia.org/wiki/2026_FIFA_World_Cup_squads
South Korea,Hyeon-gyu Oh,FW,2001-04-12,,unmatched,https://en.wikipedia.org/wiki/2026_FIFA_World_Cup_squads
South Korea,Kang-in Lee,MF,2001-02-19,,unmatched,https://en.wikipedia.org/wiki/2026_FIFA_World_Cup_squads
South Korea,Hyun-jun Yang,MF,2002-05-25,,unmatched,https://en.wikipedia.org/wiki/2026_FIFA_World_Cup_squads
South Korea,Hyeon-woo Jo,GK,1991-09-25,P-04595,name+dob,https://en.wikipedia.org/wiki/2026_FIFA_World_Cup_squads
South Korea,Young-woo Seol,DF,1998-12-05,,unmatched,https://en.wikipedia.org/wiki/2026_FIFA_World_Cup_squads
South Korea,Jens Castrop,DF,2003-07-29,,unmatched,https://en.wikipedia.org/wiki/2026_FIFA_World_Cup_squads
South Korea,Jin-gyu Kim,MF,1997-02-24,,unmatched,https://en.wikipedia.org/wiki/2026_FIFA_World_Cup_squads
South Korea,Ji-sung Eom,MF,2002-05-09,,unmatched,https://en.wikipedia.org/wiki/2026_FIFA_World_Cup_squads
South Korea,Dong-gyeong Lee,MF,1997-09-20,,unmatched,https://en.wikipedia.org/wiki/2026_FIFA_World_Cup_squads
Bosnia and Herzegovina,Nikola Vasilj,GK,1995-12-02,,unmatched,https://en.wikipedia.org/wiki/2026_FIFA_World_Cup_squads
Bosnia and Herzegovina,Nihad Mujakic,DF,1998-04-15,,unmatched,https://en.wikipedia.org/wiki/2026_FIFA_World_Cup_squads
Bosnia and Herzegovina,Dennis Hadzikadunic,DF,1998-07-09,,unmatched,https://en.wikipedia.org/wiki/2026_FIFA_World_Cup_squads
Bosnia and Herzegovina,Tarik Muharemovic,DF,2003-02-28,,unmatched,https://en.wikipedia.org/wiki/2026_FIFA_World_Cup_squads
Bosnia and Herzegovina,Sead Kolasinac,DF,1993-06-20,P-03193,name+dob,https://en.wikipedia.org/wiki/2026_FIFA_World_Cup_squads
Bosnia and Herzegovina,Benjamin Tahirovic,MF,2003-03-03,,unmatched,https://en.wikipedia.org/wiki/2026_FIFA_World_Cup_squads
Bosnia and Herzegovina,Amar Dedic,DF,2002-08-18,,unmatched,https://en.wikipedia.org/wiki/2026_FIFA_World_Cup_squads
Bosnia and Herzegovina,Armin Gigovic,MF,2002-04-06,,unmatched,https://en.wikipedia.org/wiki/2026_FIFA_World_Cup_squads
Bosnia and Herzegovina,Samed Bazdar,FW,2004-01-31,,unmatched,https://en.wikipedia.org/wiki/2026_FIFA_World_Cup_squads
Bosnia and Herzegovina,Ermedin Demirovic,FW,1998-03-25,,unmatched,https://en.wikipedia.org/wiki/2026_FIFA_World_Cup_squads
Bosnia and Herzegovina,Edin Dzeko,FW,1986-03-17,P-01210,name+dob,https://en.wikipedia.org/wiki/2026_FIFA_World_Cup_squads
Bosnia and Herzegovina,Mladen Jurkas,GK,2007-10-07,,unmatched,https://en.wikipedia.org/wiki/2026_FIFA_World_Cup_squads
Bosnia and Herzegovina,Ivan Basic,MF,2002-04-30,,unmatched,https://en.wikipedia.org/wiki/2026_FIFA_World_Cup_squads
Bosnia and Herzegovina,Ivan Sunjic,MF,1996-10-09,,unmatched,https://en.wikipedia.org/wiki/2026_FIFA_World_Cup_squads
Bosnia and Herzegovina,Amar Memic,MF,2001-01-20,,unmatched,https://en.wikipedia.org/wiki/2026_FIFA_World_Cup_squads
Bosnia and Herzegovina,Amir Hadziahmetovic,MF,1997-03-08,,unmatched,https://en.wikipedia.org/wiki/2026_FIFA_World_Cup_squads
Bosnia and Herzegovina,Dzenis Burnic,MF,1998-05-22,,unmatched,https://en.wikipedia.org/wiki/2026_FIFA_World_Cup_squads
Bosnia and Herzegovina,Nikola Katic,DF,1996-10-10,,unmatched,https://en.wikipedia.org/wiki/2026_FIFA_World_Cup_squads
Bosnia and Herzegovina,Kerim Alajbegovic,FW,2007-09-21,,unmatched,https://en.wikipedia.org/wiki/2026_FIFA_World_Cup_squads
Bosnia and Herzegovina,Esmir Bajraktarevic,FW,2005-03-10,,unmatched,https://en.wikipedia.org/wiki/2026_FIFA_World_Cup_squads
Bosnia and Herzegovina,Stjepan Radeljic,DF,1997-09-05,,unmatched,https://en.wikipedia.org/wiki/2026_FIFA_World_Cup_squads
Bosnia and Herzegovina,Martin Zlomislic,GK,1998-08-16,,unmatched,https://en.wikipedia.org/wiki/2026_FIFA_World_Cup_squads
Bosnia and Herzegovina,Haris Tabakovic,FW,1994-06-20,,unmatched,https://en.wikipedia.org/wiki/2026_FIFA_World_Cup_squads
Bosnia and Herzegovina,Arjan Malic,DF,2005-08-28,,unmatched,https://en.wikipedia.org/wiki/2026_FIFA_World_Cup_squads
Bosnia and Herzegovina,Jovo Lukic,FW,1998-11-28,,unmatched,https://en.wikipedia.org/wiki/2026_FIFA_World_Cup_squads
Bosnia and Herzegovina,Ermin Mahmic,MF,2005-03-14,,unmatched,https://en.wikipedia.org/wiki/2026_FIFA_World_Cup_squads
Canada,Dayne St Clair,GK,1997-05-09,P-08074,name+dob,https://en.wikipedia.org/wiki/2026_FIFA_World_Cup_squads
Canada,Alistair Johnston,DF,1998-10-08,P-05111,name+dob,https://en.wikipedia.org/wiki/2026_FIFA_World_Cup_squads
Canada,Alfie Jones,DF,1997-10-07,,unmatched,https://en.wikipedia.org/wiki/2026_FIFA_World_Cup_squads
Canada,Luc de Fougerolles,DF,2005-10-12,,unmatched,https://en.wikipedia.org/wiki/2026_FIFA_World_Cup_squads
Canada,Joel Waterman,DF,1996-01-24,P-05311,name+dob,https://en.wikipedia.org/wiki/2026_FIFA_World_Cup_squads
Canada,Mathieu Choiniere,MF,1999-02-07,,unmatched,https://en.wikipedia.org/wiki/2026_FIFA_World_Cup_squads
Canada,Stephen Eustaquio,MF,1996-12-21,P-05035,name+dob,https://en.wikipedia.org/wiki/2026_FIFA_World_Cup_squads
Canada,Ismael Kone,MF,2002-06-16,P-07067,name+dob,https://en.wikipedia.org/wiki/2026_FIFA_World_Cup_squads
Canada,Cyle Larin,FW,1995-04-17,P-01543,name+dob,https://en.wikipedia.org/wiki/2026_FIFA_World_Cup_squads
Canada,Jonathan David,FW,2000-01-14,P-05626,name+dob,https://en.wikipedia.org/wiki/2026_FIFA_World_Cup_squads
Canada,Liam Millar,MF,1999-09-27,P-05355,name+dob,https://en.wikipedia.org/wiki/2026_FIFA_World_Cup_squads
Canada,Tani Oluwaseyi,FW,2000-05-15,,unmatched,https://en.wikipedia.org/wiki/2026_FIFA_World_Cup_squads
Canada,Derek Cornelius,DF,1997-11-25,P-05503,name+dob,https://en.wikipedia.org/wiki/2026_FIFA_World_Cup_squads
Canada,Jacob Shaffelburg,MF,1999-11-26,,unmatched,https://en.wikipedia.org/wiki/2026_FIFA_World_Cup_squads
Canada,Moise Bombito,DF,2000-03-30,,unmatched,https://en.wikipedia.org/wiki/2026_FIFA_World_Cup_squads
Canada,Maxime Crepeau,GK,1994-05-11,,unmatched,https://en.wikipedia.org/wiki/2026_FIFA_World_Cup_squads
Canada,Tajon Buchanan,FW,1999-02-08,P-04094,name+dob,https://en.wikipedia.org/wiki/2026_FIFA_World_Cup_squads
Canada,Owen Goodman,GK,2003-11-27,,unmatched,https://en.wikipedia.org/wiki/2026_FIFA_World_Cup_squads
Canada,Alphonso Davies,DF,2000-11-02,P-08234,name+dob,https://en.wikipedia.org/wiki/2026_FIFA_World_Cup_squads
Canada,Ali Ahmed,FW,2000-10-10,,unmatched,https://en.wikipedia.org/wiki/2026_FIFA_World_Cup_squads
Canada,Jonathan Osorio,MF,1992-06-12,P-02438,name+dob,https://en.wikipedia.org/wiki/2026_FIFA_World_Cup_squads
Canada,Richie Laryea,DF,1995-01-07,P-09655,name+dob,https://en.wikipedia.org/wiki/2026_FIFA_World_Cup_squads
Canada,Niko Sigur,DF,2003-09-09,,unmatched,https://en.wikipedia.org/wiki/2026_FIFA_World_Cup_squads
Canada,Promise David,FW,2001-07-03,,unmatched,https://en.wikipedia.org/wiki/2026_FIFA_World_Cup_squads
Canada,Nathan Saliba,MF,2004-02-07,,unmatched,https://en.wikipedia.org/wiki/2026_FIFA_World_Cup_squads
Canada,Jayden Nelson,FW,2002-09-26,,unmatched,https://en.wikipedia.org/wiki/2026_FIFA_World_Cup_squads
Qatar,Mahmud Abunada,GK,2000-02-05,,unmatched,https://en.wikipedia.org/wiki/2026_FIFA_World_Cup_squads
Qatar,Pedro Miguel,DF,1990-08-06,,unmatched,https://en.wikipedia.org/wiki/2026_FIFA_World_Cup_squads
Qatar,Lucas Mendes,DF,1990-07-03,,unmatched,https://en.wikipedia.org/wiki/2026_FIFA_World_Cup_squads
Qatar,Issa Laye,DF,1997-12-22,,unmatched,https://en.wikipedia.org/wiki/2026_FIFA_World_Cup_squads
Qatar,Jassem Gaber,DF,2002-02-20,P-08203,name+dob,https://en.wikipedia.org/wiki/2026_FIFA_World_Cup_squads
Qatar,Abdulaziz Hatem,MF,1990-01-01,P-05166,name+dob,https://en.wikipedia.org/wiki/2026_FIFA_World_Cup_squads
Qatar,Ahmed Alaaeldin,FW,1993-01-31,P-06415,name+dob,https://en.wikipedia.org/wiki/2026_FIFA_World_Cup_squads
Qatar,Edmilson Junior,FW,1994-08-19,,unmatched,https://en.wikipedia.org/wiki/2026_FIFA_World_Cup_squads
Qatar,Mohammed Muntari,FW,1993-12-20,P-06647,name+dob,https://en.wikipedia.org/wiki/2026_FIFA_World_Cup_squads
Qatar,Hassan Haydos,FW,1990-12-11,,unmatched,https://en.wikipedia.org/wiki/2026_FIFA_World_Cup_squads
Qatar,Akram Afif,FW,1996-11-18,P-06495,name+dob,https://en.wikipedia.org/wiki/2026_FIFA_World_Cup_squads
Qatar,Karim Boudiaf,MF,1990-09-16,P-08105,name+dob,https://en.wikipedia.org/wiki/2026_FIFA_World_Cup_squads
Qatar,Ayoub Oui,DF,2005-03-11,,unmatched,https://en.wikipedia.org/wiki/2026_FIFA_World_Cup_squads
Qatar,Homam Ahmed,DF,1999-08-25,P-03011,name+dob,https://en.wikipedia.org/wiki/2026_FIFA_World_Cup_squads
Qatar,Yusuf Abdurisag,FW,1999-08-06,,unmatched,https://en.wikipedia.org/wiki/2026_FIFA_World_Cup_squads
Qatar,Boualem Khoukhi,DF,1990-07-09,P-00135,name+dob,https://en.wikipedia.org/wiki/2026_FIFA_World_Cup_squads
Qatar,Ahmed Ganehi,MF,2000-09-22,,unmatched,https://en.wikipedia.org/wiki/2026_FIFA_World_Cup_squads
Qatar,Sultan Brake,DF,1996-04-07,,unmatched,https://en.wikipedia.org/wiki/2026_FIFA_World_Cup_squads
Qatar,Almoez Ali,FW,1996-08-19,P-09301,name+dob,https://en.wikipedia.org/wiki/2026_FIFA_World_Cup_squads
Qatar,Ahmed Fathy,MF,1993-01-25,P-05349,name-only,https://en.wikipedia.org/wiki/2026_FIFA_World_Cup_squads
Qatar,Salah Zakaria,GK,1999-04-24,,unmatched,https://en.wikipedia.org/wiki/2026_FIFA_World_Cup_squads
Qatar,Meshaal Barsham,GK,1998-02-14,P-03162,name+dob,https://en.wikipedia.org/wiki/2026_FIFA_World_Cup_squads
Qatar,Assim Madibo,MF,1996-10-22,P-06629,name+dob,https://en.wikipedia.org/wiki/2026_FIFA_World_Cup_squads
Qatar,Tahsin Jamshid,FW,2006-06-16,,unmatched,https://en.wikipedia.org/wiki/2026_FIFA_World_Cup_squads
Qatar,Al-Hashmi Hussain,DF,2003-08-15,,unmatched,https://en.wikipedia.org/wiki/2026_FIFA_World_Cup_squads
Qatar,Mohamed Manai,FW,2002-10-25,,unmatched,https://en.wikipedia.org/wiki/2026_FIFA_World_Cup_squads
Switzerland,Gregor Kobel,GK,1997-12-06,P-07709,name+dob,https://en.wikipedia.org/wiki/2026_FIFA_World_Cup_squads
Switzerland,Miro Muheim,DF,1998-03-24,,unmatched,https://en.wikipedia.org/wiki/2026_FIFA_World_Cup_squads
Switzerland,Silvan Widmer,DF,1993-03-05,P-04999,name+dob,https://en.wikipedia.org/wiki/2026_FIFA_World_Cup_squads
Switzerland,Nico Elvedi,DF,1996-09-30,P-05145,name+dob,https://en.wikipedia.org/wiki/2026_FIFA_World_Cup_squads
Switzerland,Manuel Akanji,DF,1995-07-19,P-09914,name+dob,https://en.wikipedia.org/wiki/2026_FIFA_World_Cup_squads
Switzerland,Denis Zakaria,MF,1996-11-20,P-09878,name+dob,https://en.wikipedia.org/wiki/2026_FIFA_World_Cup_squads
Switzerland,Breel Embolo,FW,1997-02-14,P-09029,name+dob,https://en.wikipedia.org/wiki/2026_FIFA_World_Cup_squads
Switzerland,Remo Freuler,MF,1992-04-15,P-09581,name+dob,https://en.wikipedia.org/wiki/2026_FIFA_World_Cup_squads
Switzerland,Johan Manzambi,MF,2005-10-14,,unmatched,https://en.wikipedia.org/wiki/2026_FIFA_World_Cup_squads
Switzerland,Granit Xhaka,MF,1992-09-27,P-02009,name+dob,https://en.wikipedia.org/wiki/2026_FIFA_World_Cup_squads
Switzerland,Dan Ndoye,FW,2000-10-25,,unmatched,https://en.wikipedia.org/wiki/2026_FIFA_World_Cup_squads
Switzerland,Yvon Mvogo,GK,1994-06-06,P-02371,name+dob,https://en.wikipedia.org/wiki/2026_FIFA_World_Cup_squads
Switzerland,Ricardo Rodriguez,DF,1992-08-25,P-03315,name+dob,https://en.wikipedia.org/wiki/2026_FIFA_World_Cup_squads
Switzerland,Ardon Jashari,MF,2002-07-30,P-07680,name+dob,https://en.wikipedia.org/wiki/2026_FIFA_World_Cup_squads
Switzerland,Djibril Sow,MF,1997-02-06,P-09269,name+dob,https://en.wikipedia.org/wiki/2026_FIFA_World_Cup_squads
Switzerland,Christian Fassnacht,FW,1993-11-11,P-00095,name+dob,https://en.wikipedia.org/wiki/2026_FIFA_World_Cup_squads
Switzerland,Ruben Vargas,FW,1998-08-05,P-05054,name+dob,https://en.wikipedia.org/wiki/2026_FIFA_World_Cup_squads
Switzerland,Eray Comert,DF,1998-02-04,P-04496,name+dob,https://en.wikipedia.org/wiki/2026_FIFA_World_Cup_squads
Switzerland,Noah Okafor,FW,2000-05-24,P-08215,name+dob,https://en.wikipedia.org/wiki/2026_FIFA_World_Cup_squads
Switzerland,Michel Aebischer,MF,1997-01-06,P-05429,name+dob,https://en.wikipedia.org/wiki/2026_FIFA_World_Cup_squads
Switzerland,Marvin Keller,GK,2002-07-03,,unmatched,https://en.wikipedia.org/wiki/2026_FIFA_World_Cup_squads
Switzerland,Fabian Rieder,MF,2002-02-16,P-09125,name+dob,https://en.wikipedia.org/wiki/2026_FIFA_World_Cup_squads
Switzerland,Zeki Amdouni,FW,2000-12-04,,unmatched,https://en.wikipedia.org/wiki/2026_FIFA_World_Cup_squads
Switzerland,Aurele Amenda,DF,2003-07-31,,unmatched,https://en.wikipedia.org/wiki/2026_FIFA_World_Cup_squads
Switzerland,Luca Jaquez,DF,2003-06-02,,unmatched,https://en.wikipedia.org/wiki/2026_FIFA_World_Cup_squads
Switzerland,Cedric Itten,FW,1996-12-27,,unmatched,https://en.wikipedia.org/wiki/2026_FIFA_World_Cup_squads
Brazil,Alisson,GK,1992-10-02,,unmatched,https://en.wikipedia.org/wiki/2026_FIFA_World_Cup_squads
Brazil,Ederson Silva,MF,1999-07-07,,unmatched,https://en.wikipedia.org/wiki/2026_FIFA_World_Cup_squads
Brazil,Gabriel Magalhaes,DF,1997-12-19,,unmatched,https://en.wikipedia.org/wiki/2026_FIFA_World_Cup_squads
Brazil,Marquinhos,DF,1994-05-14,,unmatched,https://en.wikipedia.org/wiki/2026_FIFA_World_Cup_squads
Brazil,Casemiro,MF,1992-02-23,,unmatched,https://en.wikipedia.org/wiki/2026_FIFA_World_Cup_squads
Brazil,Alex Sandro,DF,1991-01-26,P-06745,name+dob,https://en.wikipedia.org/wiki/2026_FIFA_World_Cup_squads
Brazil,Vinicius Junior,FW,2000-07-12,P-03741,name+dob,https://en.wikipedia.org/wiki/2026_FIFA_World_Cup_squads
Brazil,Bruno Guimaraes,MF,1997-11-16,P-08735,name+dob,https://en.wikipedia.org/wiki/2026_FIFA_World_Cup_squads
Brazil,Matheus Cunha,FW,1999-05-27,,unmatched,https://en.wikipedia.org/wiki/2026_FIFA_World_Cup_squads
Brazil,Neymar,FW,1992-02-05,,unmatched,https://en.wikipedia.org/wiki/2026_FIFA_World_Cup_squads
Brazil,Raphinha,FW,1996-12-14,,unmatched,https://en.wikipedia.org/wiki/2026_FIFA_World_Cup_squads
Brazil,Weverton,GK,1987-12-13,,unmatched,https://en.wikipedia.org/wiki/2026_FIFA_World_Cup_squads
Brazil,Danilo Luiz,DF,1991-07-15,,unmatched,https://en.wikipedia.org/wiki/2026_FIFA_World_Cup_squads
Brazil,Bremer,DF,1997-03-18,,unmatched,https://en.wikipedia.org/wiki/2026_FIFA_World_Cup_squads
Brazil,Leo Pereira,DF,1996-01-31,,unmatched,https://en.wikipedia.org/wiki/2026_FIFA_World_Cup_squads
Brazil,Douglas Santos,DF,1994-03-22,,unmatched,https://en.wikipedia.org/wiki/2026_FIFA_World_Cup_squads
Brazil,Fabinho,MF,1993-10-23,,unmatched,https://en.wikipedia.org/wiki/2026_FIFA_World_Cup_squads
Brazil,Danilo Santos,MF,2001-04-29,,unmatched,https://en.wikipedia.org/wiki/2026_FIFA_World_Cup_squads
Brazil,Endrick,FW,2006-07-21,,unmatched,https://en.wikipedia.org/wiki/2026_FIFA_World_Cup_squads
Brazil,Lucas Paqueta,MF,1997-08-27,P-07582,name+dob,https://en.wikipedia.org/wiki/2026_FIFA_World_Cup_squads
Brazil,Luiz Henrique,FW,2001-01-02,,unmatched,https://en.wikipedia.org/wiki/2026_FIFA_World_Cup_squads
Brazil,Gabriel Martinelli,FW,2001-06-18,P-05120,name+dob,https://en.wikipedia.org/wiki/2026_FIFA_World_Cup_squads
Brazil,Ederson Moraes,GK,1993-08-17,,unmatched,https://en.wikipedia.org/wiki/2026_FIFA_World_Cup_squads
Brazil,Roger Ibanez,DF,1998-11-23,,unmatched,https://en.wikipedia.org/wiki/2026_FIFA_World_Cup_squads
Brazil,Igor Thiago,FW,2001-06-26,,unmatched,https://en.wikipedia.org/wiki/2026_FIFA_World_Cup_squads
Brazil,Rayan,FW,2006-08-03,,unmatched,https://en.wikipedia.org/wiki/2026_FIFA_World_Cup_squads
Haiti,Johny Placide,GK,1988-01-29,,unmatched,https://en.wikipedia.org/wiki/2026_FIFA_World_Cup_squads
Haiti,Carlens Arcus,DF,1996-06-28,,unmatched,https://en.wikipedia.org/wiki/2026_FIFA_World_Cup_squads
Haiti,Keeto Thermoncy,DF,2006-03-29,,unmatched,https://en.wikipedia.org/wiki/2026_FIFA_World_Cup_squads
Haiti,Ricardo Ade,DF,1990-05-21,,unmatched,https://en.wikipedia.org/wiki/2026_FIFA_World_Cup_squads
Haiti,Hannes Delcroix,DF,1999-02-28,,unmatched,https://en.wikipedia.org/wiki/2026_FIFA_World_Cup_squads
Haiti,Carl Sainte,MF,2002-08-09,,unmatched,https://en.wikipedia.org/wiki/2026_FIFA_World_Cup_squads
Haiti,Derrick Jr Etienne,FW,1996-11-25,,unmatched,https://en.wikipedia.org/wiki/2026_FIFA_World_Cup_squads
Haiti,Martin Experience,DF,1999-03-09,,unmatched,https://en.wikipedia.org/wiki/2026_FIFA_World_Cup_squads
Haiti,Duckens Nazon,FW,1994-04-07,,unmatched,https://en.wikipedia.org/wiki/2026_FIFA_World_Cup_squads
Haiti,Jean-Ricner Bellegarde,MF,1998-06-27,,unmatched,https://en.wikipedia.org/wiki/2026_FIFA_World_Cup_squads
Haiti,Louicius Deedson,FW,2001-02-11,,unmatched,https://en.wikipedia.org/wiki/2026_FIFA_World_Cup_squads
Haiti,Alexandre Pierre,GK,2001-02-25,,unmatched,https://en.wikipedia.org/wiki/2026_FIFA_World_Cup_squads
Haiti,Duke Lacroix,DF,1993-10-14,,unmatched,https://en.wikipedia.org/wiki/2026_FIFA_World_Cup_squads
Haiti,Garven Metusala,DF,1999-12-31,,unmatched,https://en.wikipedia.org/wiki/2026_FIFA_World_Cup_squads
Haiti,Ruben Providence,FW,2001-07-07,,unmatched,https://en.wikipedia.org/wiki/2026_FIFA_World_Cup_squads
Haiti,Lenny Joseph,FW,2000-10-12,,unmatched,https://en.wikipedia.org/wiki/2026_FIFA_World_Cup_squads
Haiti,Danley Jean Jacques,MF,2000-05-20,,unmatched,https://en.wikipedia.org/wiki/2026_FIFA_World_Cup_squads
Haiti,Wilson Isidor,FW,2000-08-27,,unmatched,https://en.wikipedia.org/wiki/2026_FIFA_World_Cup_squads
Haiti,Yassin Fortune,FW,1999-01-30,,unmatched,https://en.wikipedia.org/wiki/2026_FIFA_World_Cup_squads
Haiti,Frantzdy Pierrot,FW,1995-03-29,,unmatched,https://en.wikipedia.org/wiki/2026_FIFA_World_Cup_squads
Haiti,Josue Casimir,FW,2001-09-24,,unmatched,https://en.wikipedia.org/wiki/2026_FIFA_World_Cup_squads
Haiti,Jean-Kevin Duverne,DF,1997-07-12,,unmatched,https://en.wikipedia.org/wiki/2026_FIFA_World_Cup_squads
Haiti,Josue Duverger,GK,2000-04-27,,unmatched,https://en.wikipedia.org/wiki/2026_FIFA_World_Cup_squads
Haiti,Wilguens Paugain,DF,2001-08-24,,unmatched,https://en.wikipedia.org/wiki/2026_FIFA_World_Cup_squads
Haiti,Dominique Simon,MF,2000-07-29,,unmatched,https://en.wikipedia.org/wiki/2026_FIFA_World_Cup_squads
Haiti,Woodensky Pierre,MF,2004-12-30,,unmatched,https://en.wikipedia.org/wiki/2026_FIFA_World_Cup_squads
Morocco,Yassine Bounou,GK,1991-04-05,P-06472,name+dob,https://en.wikipedia.org/wiki/2026_FIFA_World_Cup_squads
Morocco,Achraf Hakimi,DF,1998-11-04,P-02994,name+dob,https://en.wikipedia.org/wiki/2026_FIFA_World_Cup_squads
Morocco,Noussair Mazraoui,DF,1997-11-14,P-07286,name+dob,https://en.wikipedia.org/wiki/2026_FIFA_World_Cup_squads
Morocco,Sofyan Amrabat,MF,1996-08-21,P-09911,name+dob,https://en.wikipedia.org/wiki/2026_FIFA_World_Cup_squads
Morocco,Marwane Saadane,DF,1992-01-17,,unmatched,https://en.wikipedia.org/wiki/2026_FIFA_World_Cup_squads
Morocco,Ayyoub Bouaddi,MF,2007-10-02,,unmatched,https://en.wikipedia.org/wiki/2026_FIFA_World_Cup_squads
Morocco,Chemsdine Talbi,MF,2005-05-09,,unmatched,https://en.wikipedia.org/wiki/2026_FIFA_World_Cup_squads
Morocco,Azzedine Ounahi,MF,2000-04-19,P-06128,name+dob,https://en.wikipedia.org/wiki/2026_FIFA_World_Cup_squads
Morocco,Soufiane Rahimi,FW,1996-06-02,,unmatched,https://en.wikipedia.org/wiki/2026_FIFA_World_Cup_squads
Morocco,Brahim Diaz,FW,1999-08-03,,unmatched,https://en.wikipedia.org/wiki/2026_FIFA_World_Cup_squads
Morocco,Ismael Saibari,MF,2001-01-28,,unmatched,https://en.wikipedia.org/wiki/2026_FIFA_World_Cup_squads
Morocco,Munir Mohamedi,GK,1989-05-10,P-07191,name+dob,https://en.wikipedia.org/wiki/2026_FIFA_World_Cup_squads
Morocco,Zakaria Ouahdi,DF,2001-12-31,,unmatched,https://en.wikipedia.org/wiki/2026_FIFA_World_Cup_squads
Morocco,Issa Diop,DF,1997-01-09,,unmatched,https://en.wikipedia.org/wiki/2026_FIFA_World_Cup_squads
Morocco,Samir Mourabet,MF,2005-10-06,,unmatched,https://en.wikipedia.org/wiki/2026_FIFA_World_Cup_squads
Morocco,Gessime Yassine,MF,2005-11-22,,unmatched,https://en.wikipedia.org/wiki/2026_FIFA_World_Cup_squads
Morocco,Amine Sbai,FW,2000-11-05,,unmatched,https://en.wikipedia.org/wiki/2026_FIFA_World_Cup_squads
Morocco,Chadi Riad,DF,2003-06-17,,unmatched,https://en.wikipedia.org/wiki/2026_FIFA_World_Cup_squads
Morocco,Youssef Belammari,DF,1998-09-20,,unmatched,https://en.wikipedia.org/wiki/2026_FIFA_World_Cup_squads
Morocco,Ayoub Kaabi,FW,1993-06-25,,unmatched,https://en.wikipedia.org/wiki/2026_FIFA_World_Cup_squads
Morocco,Ayoube Amaimouni,FW,2004-11-30,,unmatched,https://en.wikipedia.org/wiki/2026_FIFA_World_Cup_squads
Morocco,Ahmed Reda Tagnaouti,GK,1996-04-05,P-06466,name+dob,https://en.wikipedia.org/wiki/2026_FIFA_World_Cup_squads
Morocco,Bilal Khannouss,MF,2004-05-10,,unmatched,https://en.wikipedia.org/wiki/2026_FIFA_World_Cup_squads
Morocco,Neil Aynaoui,MF,2001-07-02,,unmatched,https://en.wikipedia.org/wiki/2026_FIFA_World_Cup_squads
Morocco,Redouane Halhal,DF,2003-03-05,,unmatched,https://en.wikipedia.org/wiki/2026_FIFA_World_Cup_squads
Morocco,Anass Salah-Eddine,DF,2002-01-18,,unmatched,https://en.wikipedia.org/wiki/2026_FIFA_World_Cup_squads
Scotland,Angus Gunn,GK,1996-01-22,,unmatched,https://en.wikipedia.org/wiki/2026_FIFA_World_Cup_squads
Scotland,Aaron Hickey,DF,2002-06-10,,unmatched,https://en.wikipedia.org/wiki/2026_FIFA_World_Cup_squads
Scotland,Andy Robertson,DF,1994-03-11,,unmatched,https://en.wikipedia.org/wiki/2026_FIFA_World_Cup_squads
Scotland,Scott Mctominay,MF,1996-12-08,,unmatched,https://en.wikipedia.org/wiki/2026_FIFA_World_Cup_squads
Scotland,Grant Hanley,DF,1991-11-20,,unmatched,https://en.wikipedia.org/wiki/2026_FIFA_World_Cup_squads
Scotland,Kieran Tierney,DF,1997-06-05,,unmatched,https://en.wikipedia.org/wiki/2026_FIFA_World_Cup_squads
Scotland,John Mcginn,MF,1994-10-18,,unmatched,https://en.wikipedia.org/wiki/2026_FIFA_World_Cup_squads
Scotland,Tyler Fletcher,MF,2007-03-19,,unmatched,https://en.wikipedia.org/wiki/2026_FIFA_World_Cup_squads
Scotland,Lyndon Dykes,FW,1995-10-07,,unmatched,https://en.wikipedia.org/wiki/2026_FIFA_World_Cup_squads
Scotland,Che Adams,FW,1996-07-13,,unmatched,https://en.wikipedia.org/wiki/2026_FIFA_World_Cup_squads
Scotland,Ryan Christie,MF,1995-02-22,,unmatched,https://en.wikipedia.org/wiki/2026_FIFA_World_Cup_squads
Scotland,Liam Kelly,GK,1996-01-23,,unmatched,https://en.wikipedia.org/wiki/2026_FIFA_World_Cup_squads
Scotland,Jack Hendry,DF,1995-05-07,,unmatched,https://en.wikipedia.org/wiki/2026_FIFA_World_Cup_squads
Scotland,Ross Stewart,FW,1996-07-11,,unmatched,https://en.wikipedia.org/wiki/2026_FIFA_World_Cup_squads
Scotland,John Souttar,DF,1996-09-25,,unmatched,https://en.wikipedia.org/wiki/2026_FIFA_World_Cup_squads
Scotland,Dominic Hyam,DF,1995-12-20,,unmatched,https://en.wikipedia.org/wiki/2026_FIFA_World_Cup_squads
Scotland,Ben Gannon-Doak,FW,2005-11-11,,unmatched,https://en.wikipedia.org/wiki/2026_FIFA_World_Cup_squads
Scotland,George Hirst,FW,1999-02-15,,unmatched,https://en.wikipedia.org/wiki/2026_FIFA_World_Cup_squads
Scotland,Lewis Ferguson,MF,1999-08-24,,unmatched,https://en.wikipedia.org/wiki/2026_FIFA_World_Cup_squads
Scotland,Lawrence Shankland,FW,1995-08-10,,unmatched,https://en.wikipedia.org/wiki/2026_FIFA_World_Cup_squads
Scotland,Craig Gordon,GK,1982-12-31,,unmatched,https://en.wikipedia.org/wiki/2026_FIFA_World_Cup_squads
Scotland,Nathan Patterson,DF,2001-10-16,,unmatched,https://en.wikipedia.org/wiki/2026_FIFA_World_Cup_squads
Scotland,Kenny Mclean,MF,1992-01-08,,unmatched,https://en.wikipedia.org/wiki/2026_FIFA_World_Cup_squads
Scotland,Anthony Ralston,DF,1998-11-16,,unmatched,https://en.wikipedia.org/wiki/2026_FIFA_World_Cup_squads
Scotland,Findlay Curtis,FW,2006-06-09,,unmatched,https://en.wikipedia.org/wiki/2026_FIFA_World_Cup_squads
Scotland,Scott Mckenna,DF,1996-11-12,,unmatched,https://en.wikipedia.org/wiki/2026_FIFA_World_Cup_squads
Australia,Mathew Ryan,GK,1992-04-08,P-09206,name+dob,https://en.wikipedia.org/wiki/2026_FIFA_World_Cup_squads
Australia,Milos Degenek,DF,1994-04-28,P-01565,name+dob,https://en.wikipedia.org/wiki/2026_FIFA_World_Cup_squads
Australia,Alessandro Circati,DF,2003-10-10,,unmatched,https://en.wikipedia.org/wiki/2026_FIFA_World_Cup_squads
Australia,Jacob Italiano,DF,2001-07-30,,unmatched,https://en.wikipedia.org/wiki/2026_FIFA_World_Cup_squads
Australia,Jordan Bos,DF,2002-10-29,,unmatched,https://en.wikipedia.org/wiki/2026_FIFA_World_Cup_squads
Australia,Jason Geria,DF,1993-05-10,,unmatched,https://en.wikipedia.org/wiki/2026_FIFA_World_Cup_squads
Australia,Mathew Leckie,FW,1991-02-04,P-05946,name+dob,https://en.wikipedia.org/wiki/2026_FIFA_World_Cup_squads
Australia,Connor Metcalfe,MF,1999-11-05,,unmatched,https://en.wikipedia.org/wiki/2026_FIFA_World_Cup_squads
Australia,Mohamed Toure,FW,2004-03-26,,unmatched,https://en.wikipedia.org/wiki/2026_FIFA_World_Cup_squads
Australia,Ajdin Hrustic,FW,1996-07-05,P-05618,name+dob,https://en.wikipedia.org/wiki/2026_FIFA_World_Cup_squads
Australia,Awer Mabil,FW,1995-09-15,P-04504,name+dob,https://en.wikipedia.org/wiki/2026_FIFA_World_Cup_squads
Australia,Paul Izzo,GK,1995-01-06,,unmatched,https://en.wikipedia.org/wiki/2026_FIFA_World_Cup_squads
Australia,Aiden Oneill,MF,1998-07-04,,unmatched,https://en.wikipedia.org/wiki/2026_FIFA_World_Cup_squads
Australia,Cammy Devlin,MF,1998-06-07,,unmatched,https://en.wikipedia.org/wiki/2026_FIFA_World_Cup_squads
Australia,Kai Trewin,DF,2001-05-18,,unmatched,https://en.wikipedia.org/wiki/2026_FIFA_World_Cup_squads
Australia,Aziz Behich,DF,1990-12-16,P-09265,name+dob,https://en.wikipedia.org/wiki/2026_FIFA_World_Cup_squads
Australia,Nestory Irankunda,FW,2006-02-09,,unmatched,https://en.wikipedia.org/wiki/2026_FIFA_World_Cup_squads
Australia,Patrick Beach,GK,2003-08-06,,unmatched,https://en.wikipedia.org/wiki/2026_FIFA_World_Cup_squads
Australia,Harry Souttar,DF,1998-10-22,P-06370,name+dob,https://en.wikipedia.org/wiki/2026_FIFA_World_Cup_squads
Australia,Cristian Volpato,FW,2003-11-15,,unmatched,https://en.wikipedia.org/wiki/2026_FIFA_World_Cup_squads
Australia,Cameron Burgess,DF,1995-10-21,,unmatched,https://en.wikipedia.org/wiki/2026_FIFA_World_Cup_squads
Australia,Jackson Irvine,MF,1993-03-07,P-05564,name+dob,https://en.wikipedia.org/wiki/2026_FIFA_World_Cup_squads
Australia,Nishan Velupillay,FW,2001-05-07,,unmatched,https://en.wikipedia.org/wiki/2026_FIFA_World_Cup_squads
Australia,Paul Okon-Engstler,MF,2005-01-24,,unmatched,https://en.wikipedia.org/wiki/2026_FIFA_World_Cup_squads
Australia,Lucas Herrington,DF,2007-09-05,,unmatched,https://en.wikipedia.org/wiki/2026_FIFA_World_Cup_squads
Australia,Tete Yengi,FW,2000-11-28,,unmatched,https://en.wikipedia.org/wiki/2026_FIFA_World_Cup_squads
Paraguay,Gatito Fernandez,GK,1988-03-29,,unmatched,https://en.wikipedia.org/wiki/2026_FIFA_World_Cup_squads
Paraguay,Gustavo Velazquez,DF,1991-04-17,,unmatched,https://en.wikipedia.org/wiki/2026_FIFA_World_Cup_squads
Paraguay,Omar Alderete,DF,1996-12-26,,unmatched,https://en.wikipedia.org/wiki/2026_FIFA_World_Cup_squads
Paraguay,Juan Jose Caceres,DF,2000-06-01,,unmatched,https://en.wikipedia.org/wiki/2026_FIFA_World_Cup_squads
Paraguay,Fabian Balbuena,DF,1991-08-23,,unmatched,https://en.wikipedia.org/wiki/2026_FIFA_World_Cup_squads
Paraguay,Junior Alonso,DF,1993-02-09,,unmatched,https://en.wikipedia.org/wiki/2026_FIFA_World_Cup_squads
Paraguay,Ramon Sosa,MF,1999-08-31,,unmatched,https://en.wikipedia.org/wiki/2026_FIFA_World_Cup_squads
Paraguay,Diego Gomez,MF,2003-03-27,,unmatched,https://en.wikipedia.org/wiki/2026_FIFA_World_Cup_squads
Paraguay,Antonio Sanabria,FW,1996-03-04,,unmatched,https://en.wikipedia.org/wiki/2026_FIFA_World_Cup_squads
Paraguay,Miguel Almiron,MF,1994-02-10,,unmatched,https://en.wikipedia.org/wiki/2026_FIFA_World_Cup_squads
Paraguay,Mauricio,MF,2001-06-22,,unmatched,https://en.wikipedia.org/wiki/2026_FIFA_World_Cup_squads
Paraguay,Orlando Gill,GK,2000-06-11,,unmatched,https://en.wikipedia.org/wiki/2026_FIFA_World_Cup_squads
Paraguay,Jose Canale,DF,1996-07-20,,unmatched,https://en.wikipedia.org/wiki/2026_FIFA_World_Cup_squads
Paraguay,Andres Cubas,MF,1996-05-11,,unmatched,https://en.wikipedia.org/wiki/2026_FIFA_World_Cup_squads
Paraguay,Gustavo Gomez,DF,1993-05-06,,unmatched,https://en.wikipedia.org/wiki/2026_FIFA_World_Cup_squads
Paraguay,Damian Bobadilla,MF,2001-07-11,,unmatched,https://en.wikipedia.org/wiki/2026_FIFA_World_Cup_squads
Paraguay,Kaku,FW,1995-01-11,,unmatched,https://en.wikipedia.org/wiki/2026_FIFA_World_Cup_squads
Paraguay,Alex Arce,FW,1995-06-16,,unmatched,https://en.wikipedia.org/wiki/2026_FIFA_World_Cup_squads
Paraguay,Julio Enciso,FW,2004-01-23,,unmatched,https://en.wikipedia.org/wiki/2026_FIFA_World_Cup_squads
Paraguay,Braian Ojeda,MF,2000-06-27,,unmatched,https://en.wikipedia.org/wiki/2026_FIFA_World_Cup_squads
Paraguay,Gabriel Avalos,FW,1991-07-09,,unmatched,https://en.wikipedia.org/wiki/2026_FIFA_World_Cup_squads
Paraguay,Gaston Olveira,GK,1993-04-21,,unmatched,https://en.wikipedia.org/wiki/2026_FIFA_World_Cup_squads
Paraguay,Matias Galarza,MF,2002-02-11,,unmatched,https://en.wikipedia.org/wiki/2026_FIFA_World_Cup_squads
Paraguay,Gustavo Caballero,MF,2001-09-21,,unmatched,https://en.wikipedia.org/wiki/2026_FIFA_World_Cup_squads
Paraguay,Isidro Pitta,FW,1999-08-14,,unmatched,https://en.wikipedia.org/wiki/2026_FIFA_World_Cup_squads
Paraguay,Alexandro Maidana,DF,2005-07-26,,unmatched,https://en.wikipedia.org/wiki/2026_FIFA_World_Cup_squads
Turkey,Mert Gunok,GK,1989-03-01,,unmatched,https://en.wikipedia.org/wiki/2026_FIFA_World_Cup_squads
Turkey,Zeki Celik,DF,1997-02-17,,unmatched,https://en.wikipedia.org/wiki/2026_FIFA_World_Cup_squads
Turkey,Merih Demiral,DF,1998-03-05,,unmatched,https://en.wikipedia.org/wiki/2026_FIFA_World_Cup_squads
Turkey,Caglar Soyuncu,DF,1996-05-23,,unmatched,https://en.wikipedia.org/wiki/2026_FIFA_World_Cup_squads
Turkey,Salih Ozcan,MF,1998-01-11,,unmatched,https://en.wikipedia.org/wiki/2026_FIFA_World_Cup_squads
Turkey,Orkun Kokcu,MF,2000-12-29,,unmatched,https://en.wikipedia.org/wiki/2026_FIFA_World_Cup_squads
Turkey,Kerem Akturkoglu,FW,1998-10-21,,unmatched,https://en.wikipedia.org/wiki/2026_FIFA_World_Cup_squads
Turkey,Arda Guler,FW,2005-02-25,,unmatched,https://en.wikipedia.org/wiki/2026_FIFA_World_Cup_squads
Turkey,Deniz Gul,FW,2004-07-02,,unmatched,https://en.wikipedia.org/wiki/2026_FIFA_World_Cup_squads
Turkey,Hakan Calhanoglu,MF,1994-02-08,,unmatched,https://en.wikipedia.org/wiki/2026_FIFA_World_Cup_squads
Turkey,Kenan Yildiz,FW,2005-05-04,,unmatched,https://en.wikipedia.org/wiki/2026_FIFA_World_Cup_squads
Turkey,Altay Bayindir,GK,1998-04-14,,unmatched,https://en.wikipedia.org/wiki/2026_FIFA_World_Cup_squads
Turkey,Eren Elmali,DF,2000-07-07,,unmatched,https://en.wikipedia.org/wiki/2026_FIFA_World_Cup_squads
Turkey,Abdulkerim Bardakci,DF,1994-09-07,,unmatched,https://en.wikipedia.org/wiki/2026_FIFA_World_Cup_squads
Turkey,Ozan Kabak,DF,2000-03-25,,unmatched,https://en.wikipedia.org/wiki/2026_FIFA_World_Cup_squads
Turkey,Ismail Yuksek,MF,1999-01-26,,unmatched,https://en.wikipedia.org/wiki/2026_FIFA_World_Cup_squads
Turkey,Irfan Can Kahveci,FW,1995-07-15,,unmatched,https://en.wikipedia.org/wiki/2026_FIFA_World_Cup_squads
Turkey,Mert Muldur,DF,1999-04-03,,unmatched,https://en.wikipedia.org/wiki/2026_FIFA_World_Cup_squads
Turkey,Yunus Akgun,FW,2000-07-07,,unmatched,https://en.wikipedia.org/wiki/2026_FIFA_World_Cup_squads
Turkey,Ferdi Kadioglu,DF,1999-10-07,,unmatched,https://en.wikipedia.org/wiki/2026_FIFA_World_Cup_squads
Turkey,Baris Alper Yilmaz,FW,2000-05-23,,unmatched,https://en.wikipedia.org/wiki/2026_FIFA_World_Cup_squads
Turkey,Kaan Ayhan,MF,1994-11-10,,unmatched,https://en.wikipedia.org/wiki/2026_FIFA_World_Cup_squads
Turkey,Ugurcan Cakir,GK,1996-04-05,,unmatched,https://en.wikipedia.org/wiki/2026_FIFA_World_Cup_squads
Turkey,Oguz Aydin,FW,2000-10-27,,unmatched,https://en.wikipedia.org/wiki/2026_FIFA_World_Cup_squads
Turkey,Samet Akaydin,DF,1994-03-13,,unmatched,https://en.wikipedia.org/wiki/2026_FIFA_World_Cup_squads
Turkey,Can Uzun,FW,2005-11-11,,unmatched,https://en.wikipedia.org/wiki/2026_FIFA_World_Cup_squads
United States,Matt Turner,GK,1994-06-24,P-09807,name+dob,https://en.wikipedia.org/wiki/2026_FIFA_World_Cup_squads
United States,Sergino Dest,DF,2000-11-03,P-07454,name+dob,https://en.wikipedia.org/wiki/2026_FIFA_World_Cup_squads
United States,Chris Richards,DF,2000-03-28,,unmatched,https://en.wikipedia.org/wiki/2026_FIFA_World_Cup_squads
United States,Tyler Adams,MF,1999-02-14,P-01886,name+dob,https://en.wikipedia.org/wiki/2026_FIFA_World_Cup_squads
United States,Antonee Robinson,DF,1997-08-08,P-01162,name+dob,https://en.wikipedia.org/wiki/2026_FIFA_World_Cup_squads
United States,Auston Trusty,DF,1998-08-12,,unmatched,https://en.wikipedia.org/wiki/2026_FIFA_World_Cup_squads
United States,Giovanni Reyna,MF,2002-11-13,P-07043,name+dob,https://en.wikipedia.org/wiki/2026_FIFA_World_Cup_squads
United States,Weston Mckennie,MF,1998-08-28,P-03567,name+dob,https://en.wikipedia.org/wiki/2026_FIFA_World_Cup_squads
United States,Ricardo Pepi,FW,2003-01-09,,unmatched,https://en.wikipedia.org/wiki/2026_FIFA_World_Cup_squads
United States,Christian Pulisic,FW,1998-09-18,P-00599,name+dob,https://en.wikipedia.org/wiki/2026_FIFA_World_Cup_squads
United States,Brenden Aaronson,FW,2000-10-22,P-08589,name+dob,https://en.wikipedia.org/wiki/2026_FIFA_World_Cup_squads
United States,Miles Robinson,DF,1997-03-14,,unmatched,https://en.wikipedia.org/wiki/2026_FIFA_World_Cup_squads
United States,Tim Ream,DF,1987-10-05,P-01332,name+dob,https://en.wikipedia.org/wiki/2026_FIFA_World_Cup_squads
United States,Sebastian Berhalter,MF,2001-05-10,,unmatched,https://en.wikipedia.org/wiki/2026_FIFA_World_Cup_squads
United States,Cristian Roldan,MF,1995-06-03,P-04924,name+dob,https://en.wikipedia.org/wiki/2026_FIFA_World_Cup_squads
United States,Alex Freeman,DF,2004-08-09,,unmatched,https://en.wikipedia.org/wiki/2026_FIFA_World_Cup_squads
United States,Malik Tillman,MF,2002-05-28,,unmatched,https://en.wikipedia.org/wiki/2026_FIFA_World_Cup_squads
United States,Max Arfsten,DF,2001-04-19,,unmatched,https://en.wikipedia.org/wiki/2026_FIFA_World_Cup_squads
United States,Haji Wright,FW,1998-03-27,P-02478,name+dob,https://en.wikipedia.org/wiki/2026_FIFA_World_Cup_squads
United States,Folarin Balogun,FW,2001-07-03,,unmatched,https://en.wikipedia.org/wiki/2026_FIFA_World_Cup_squads
United States,Timothy Weah,FW,2000-02-22,P-03925,name+dob,https://en.wikipedia.org/wiki/2026_FIFA_World_Cup_squads
United States,Mark Mckenzie,DF,1999-02-25,,unmatched,https://en.wikipedia.org/wiki/2026_FIFA_World_Cup_squads
United States,Joe Scally,DF,2002-12-31,P-01368,name+dob,https://en.wikipedia.org/wiki/2026_FIFA_World_Cup_squads
United States,Matt Freese,GK,1998-09-02,,unmatched,https://en.wikipedia.org/wiki/2026_FIFA_World_Cup_squads
United States,Chris Brady,GK,2004-03-03,,unmatched,https://en.wikipedia.org/wiki/2026_FIFA_World_Cup_squads
United States,Alejandro Zendejas,FW,1998-02-07,,unmatched,https://en.wikipedia.org/wiki/2026_FIFA_World_Cup_squads
Curaçao,Eloy Room,GK,1989-02-06,,unmatched,https://en.wikipedia.org/wiki/2026_FIFA_World_Cup_squads
Curaçao,Shurandy Sambo,DF,2001-08-19,,unmatched,https://en.wikipedia.org/wiki/2026_FIFA_World_Cup_squads
Curaçao,Jurien Gaari,DF,1993-12-23,,unmatched,https://en.wikipedia.org/wiki/2026_FIFA_World_Cup_squads
Curaçao,Roshon van Eijma,DF,1998-06-09,,unmatched,https://en.wikipedia.org/wiki/2026_FIFA_World_Cup_squads
Curaçao,Sherel Floranus,DF,1998-08-23,,unmatched,https://en.wikipedia.org/wiki/2026_FIFA_World_Cup_squads
Curaçao,Godfried Roemeratoe,MF,1999-08-19,,unmatched,https://en.wikipedia.org/wiki/2026_FIFA_World_Cup_squads
Curaçao,Juninho Bacuna,MF,1997-08-07,,unmatched,https://en.wikipedia.org/wiki/2026_FIFA_World_Cup_squads
Curaçao,Livano Comenencia,MF,2004-02-03,,unmatched,https://en.wikipedia.org/wiki/2026_FIFA_World_Cup_squads
Curaçao,Jurgen Locadia,FW,1993-11-07,,unmatched,https://en.wikipedia.org/wiki/2026_FIFA_World_Cup_squads
Curaçao,Leandro Bacuna,MF,1991-08-21,,unmatched,https://en.wikipedia.org/wiki/2026_FIFA_World_Cup_squads
Curaçao,Jeremy Antonisse,FW,2002-03-29,,unmatched,https://en.wikipedia.org/wiki/2026_FIFA_World_Cup_squads
Curaçao,Sontje Hansen,FW,2002-05-18,,unmatched,https://en.wikipedia.org/wiki/2026_FIFA_World_Cup_squads
Curaçao,Tyrese Noslin,FW,2002-09-11,,unmatched,https://en.wikipedia.org/wiki/2026_FIFA_World_Cup_squads
Curaçao,Kenji Gorre,FW,1994-09-29,,unmatched,https://en.wikipedia.org/wiki/2026_FIFA_World_Cup_squads
Curaçao,Arjany Martha,MF,2003-09-04,,unmatched,https://en.wikipedia.org/wiki/2026_FIFA_World_Cup_squads
Curaçao,Jearl Margaritha,FW,2000-04-10,,unmatched,https://en.wikipedia.org/wiki/2026_FIFA_World_Cup_squads
Curaçao,Brandley Kuwas,FW,1992-09-19,,unmatched,https://en.wikipedia.org/wiki/2026_FIFA_World_Cup_squads
Curaçao,Armando Obispo,DF,1999-03-05,,unmatched,https://en.wikipedia.org/wiki/2026_FIFA_World_Cup_squads
Curaçao,Gervane Kastaneer,FW,1996-06-09,,unmatched,https://en.wikipedia.org/wiki/2026_FIFA_World_Cup_squads
Curaçao,Joshua Brenet,DF,1994-03-20,,unmatched,https://en.wikipedia.org/wiki/2026_FIFA_World_Cup_squads
Curaçao,Tahith Chong,MF,1999-12-04,,unmatched,https://en.wikipedia.org/wiki/2026_FIFA_World_Cup_squads
Curaçao,Kevin Felida,MF,1999-11-11,,unmatched,https://en.wikipedia.org/wiki/2026_FIFA_World_Cup_squads
Curaçao,Riechedly Bazoer,DF,1996-10-12,,unmatched,https://en.wikipedia.org/wiki/2026_FIFA_World_Cup_squads
Curaçao,Deveron Fonville,DF,2003-05-16,,unmatched,https://en.wikipedia.org/wiki/2026_FIFA_World_Cup_squads
Curaçao,Tyrick Bodak,GK,2002-05-15,,unmatched,https://en.wikipedia.org/wiki/2026_FIFA_World_Cup_squads
Curaçao,Trevor Doornbusch,GK,1999-07-06,,unmatched,https://en.wikipedia.org/wiki/2026_FIFA_World_Cup_squads
Ecuador,Hernan Galindez,GK,1987-03-30,P-01624,name+dob,https://en.wikipedia.org/wiki/2026_FIFA_World_Cup_squads
Ecuador,Felix Torres,DF,1997-01-11,P-06924,name+dob,https://en.wikipedia.org/wiki/2026_FIFA_World_Cup_squads
Ecuador,Piero Hincapie,DF,2002-01-09,P-08710,name+dob,https://en.wikipedia.org/wiki/2026_FIFA_World_Cup_squads
Ecuador,Joel Ordonez,DF,2004-04-21,,unmatched,https://en.wikipedia.org/wiki/2026_FIFA_World_Cup_squads
Ecuador,Jordy Alcivar,MF,1999-08-05,,unmatched,https://en.wikipedia.org/wiki/2026_FIFA_World_Cup_squads
Ecuador,Willian Pacho,DF,2001-10-16,,unmatched,https://en.wikipedia.org/wiki/2026_FIFA_World_Cup_squads
Ecuador,Pervis Estupinan,DF,1998-01-21,P-04804,name+dob,https://en.wikipedia.org/wiki/2026_FIFA_World_Cup_squads
Ecuador,Anthony Valencia,MF,2003-07-21,,unmatched,https://en.wikipedia.org/wiki/2026_FIFA_World_Cup_squads
Ecuador,John Yeboah,FW,2000-06-23,,unmatched,https://en.wikipedia.org/wiki/2026_FIFA_World_Cup_squads
Ecuador,Kendry Paez,MF,2007-05-04,,unmatched,https://en.wikipedia.org/wiki/2026_FIFA_World_Cup_squads
Ecuador,Kevin Rodriguez,FW,2000-03-04,P-01367,name+dob,https://en.wikipedia.org/wiki/2026_FIFA_World_Cup_squads
Ecuador,Moises Ramirez,GK,2000-09-09,P-08119,name+dob,https://en.wikipedia.org/wiki/2026_FIFA_World_Cup_squads
Ecuador,Enner Valencia,FW,1989-11-04,P-01503,name+dob,https://en.wikipedia.org/wiki/2026_FIFA_World_Cup_squads
Ecuador,Alan Minda,MF,2003-05-14,,unmatched,https://en.wikipedia.org/wiki/2026_FIFA_World_Cup_squads
Ecuador,Pedro Vite,MF,2002-03-09,,unmatched,https://en.wikipedia.org/wiki/2026_FIFA_World_Cup_squads
Ecuador,Jordy Caicedo,FW,1997-11-18,,unmatched,https://en.wikipedia.org/wiki/2026_FIFA_World_Cup_squads
Ecuador,Angelo Preciado,DF,1998-02-18,P-02578,name+dob,https://en.wikipedia.org/wiki/2026_FIFA_World_Cup_squads
Ecuador,Denil Castillo,MF,2004-03-24,,unmatched,https://en.wikipedia.org/wiki/2026_FIFA_World_Cup_squads
Ecuador,Gonzalo Plata,FW,2000-11-01,P-03726,name+dob,https://en.wikipedia.org/wiki/2026_FIFA_World_Cup_squads
Ecuador,Nilson Angulo,FW,2003-06-19,,unmatched,https://en.wikipedia.org/wiki/2026_FIFA_World_Cup_squads
Ecuador,Alan Franco,MF,1998-08-21,P-02427,name+dob,https://en.wikipedia.org/wiki/2026_FIFA_World_Cup_squads
Ecuador,Gonzalo Valle,GK,1996-02-28,,unmatched,https://en.wikipedia.org/wiki/2026_FIFA_World_Cup_squads
Ecuador,Moises Caicedo,MF,2001-11-02,P-03701,name+dob,https://en.wikipedia.org/wiki/2026_FIFA_World_Cup_squads
Ecuador,Jeremy Arevalo,FW,2005-03-19,,unmatched,https://en.wikipedia.org/wiki/2026_FIFA_World_Cup_squads
Ecuador,Jackson Porozo,DF,2000-08-04,P-07902,name+dob,https://en.wikipedia.org/wiki/2026_FIFA_World_Cup_squads
Ecuador,Yaimar Medina,DF,2004-11-05,,unmatched,https://en.wikipedia.org/wiki/2026_FIFA_World_Cup_squads
Germany,Manuel Neuer,GK,1986-03-27,P-09934,name+dob,https://en.wikipedia.org/wiki/2026_FIFA_World_Cup_squads
Germany,Antonio Rudiger,DF,1993-03-03,P-02555,name+dob,https://en.wikipedia.org/wiki/2026_FIFA_World_Cup_squads
Germany,Waldemar Anton,DF,1996-07-20,,unmatched,https://en.wikipedia.org/wiki/2026_FIFA_World_Cup_squads
Germany,Jonathan Tah,DF,1996-02-11,,unmatched,https://en.wikipedia.org/wiki/2026_FIFA_World_Cup_squads
Germany,Aleksandar Pavlovic,MF,2004-05-03,,unmatched,https://en.wikipedia.org/wiki/2026_FIFA_World_Cup_squads
Germany,Joshua Kimmich,DF,1995-02-08,P-05704,name+dob,https://en.wikipedia.org/wiki/2026_FIFA_World_Cup_squads
Germany,Kai Havertz,FW,1999-06-11,P-02119,name+dob,https://en.wikipedia.org/wiki/2026_FIFA_World_Cup_squads
Germany,Leon Goretzka,MF,1995-02-06,P-03257,name+dob,https://en.wikipedia.org/wiki/2026_FIFA_World_Cup_squads
Germany,Jamie Leweling,MF,2001-02-26,,unmatched,https://en.wikipedia.org/wiki/2026_FIFA_World_Cup_squads
Germany,Jamal Musiala,MF,2003-02-26,P-03009,name+dob,https://en.wikipedia.org/wiki/2026_FIFA_World_Cup_squads
Germany,Nick Woltemade,FW,2002-02-14,,unmatched,https://en.wikipedia.org/wiki/2026_FIFA_World_Cup_squads
Germany,Oliver Baumann,GK,1990-06-02,,unmatched,https://en.wikipedia.org/wiki/2026_FIFA_World_Cup_squads
Germany,Pascal Gross,MF,1991-06-15,,unmatched,https://en.wikipedia.org/wiki/2026_FIFA_World_Cup_squads
Germany,Maximilian Beier,FW,2002-10-17,,unmatched,https://en.wikipedia.org/wiki/2026_FIFA_World_Cup_squads
Germany,Nico Schlotterbeck,DF,1999-12-01,P-05413,name+dob,https://en.wikipedia.org/wiki/2026_FIFA_World_Cup_squads
Germany,Angelo Stiller,MF,2001-04-04,,unmatched,https://en.wikipedia.org/wiki/2026_FIFA_World_Cup_squads
Germany,Florian Wirtz,MF,2003-05-03,,unmatched,https://en.wikipedia.org/wiki/2026_FIFA_World_Cup_squads
Germany,Nathaniel Brown,DF,2003-06-16,,unmatched,https://en.wikipedia.org/wiki/2026_FIFA_World_Cup_squads
Germany,Leroy Sane,MF,1996-01-11,P-01230,name+dob,https://en.wikipedia.org/wiki/2026_FIFA_World_Cup_squads
Germany,Nadiem Amiri,MF,1996-10-27,,unmatched,https://en.wikipedia.org/wiki/2026_FIFA_World_Cup_squads
Germany,Alexander Nubel,GK,1996-09-30,,unmatched,https://en.wikipedia.org/wiki/2026_FIFA_World_Cup_squads
Germany,David Raum,DF,1998-04-22,P-08207,name+dob,https://en.wikipedia.org/wiki/2026_FIFA_World_Cup_squads
Germany,Felix Nmecha,MF,2000-10-10,,unmatched,https://en.wikipedia.org/wiki/2026_FIFA_World_Cup_squads
Germany,Malick Thiaw,DF,2001-08-08,,unmatched,https://en.wikipedia.org/wiki/2026_FIFA_World_Cup_squads
Germany,Assan Ouedraogo,MF,2006-05-09,,unmatched,https://en.wikipedia.org/wiki/2026_FIFA_World_Cup_squads
Germany,Deniz Undav,FW,1996-07-19,,unmatched,https://en.wikipedia.org/wiki/2026_FIFA_World_Cup_squads
Ivory Coast,Yahia Fofana,GK,2000-08-21,,unmatched,https://en.wikipedia.org/wiki/2026_FIFA_World_Cup_squads
Ivory Coast,Ousmane Diomande,DF,2003-12-04,,unmatched,https://en.wikipedia.org/wiki/2026_FIFA_World_Cup_squads
Ivory Coast,Ghislain Konan,DF,1995-12-27,,unmatched,https://en.wikipedia.org/wiki/2026_FIFA_World_Cup_squads
Ivory Coast,Jean Michael Seri,MF,1991-07-19,,unmatched,https://en.wikipedia.org/wiki/2026_FIFA_World_Cup_squads
Ivory Coast,Wilfried Singo,DF,2000-12-25,,unmatched,https://en.wikipedia.org/wiki/2026_FIFA_World_Cup_squads
Ivory Coast,Seko Fofana,MF,1995-05-07,,unmatched,https://en.wikipedia.org/wiki/2026_FIFA_World_Cup_squads
Ivory Coast,Odilon Kossounou,DF,2001-01-04,,unmatched,https://en.wikipedia.org/wiki/2026_FIFA_World_Cup_squads
Ivory Coast,Franck Kessie,MF,1996-12-19,,unmatched,https://en.wikipedia.org/wiki/2026_FIFA_World_Cup_squads
Ivory Coast,Ange-Yoan Bonny,FW,2003-10-25,,unmatched,https://en.wikipedia.org/wiki/2026_FIFA_World_Cup_squads
Ivory Coast,Simon Adingra,FW,2002-01-01,,unmatched,https://en.wikipedia.org/wiki/2026_FIFA_World_Cup_squads
Ivory Coast,Yan Diomande,FW,2006-11-14,,unmatched,https://en.wikipedia.org/wiki/2026_FIFA_World_Cup_squads
Ivory Coast,Elye Wahi,FW,2003-01-02,,unmatched,https://en.wikipedia.org/wiki/2026_FIFA_World_Cup_squads
Ivory Coast,Christopher Operi,DF,1997-04-29,,unmatched,https://en.wikipedia.org/wiki/2026_FIFA_World_Cup_squads
Ivory Coast,Oumar Diakite,FW,2003-12-20,,unmatched,https://en.wikipedia.org/wiki/2026_FIFA_World_Cup_squads
Ivory Coast,Amad Diallo,FW,2002-07-11,,unmatched,https://en.wikipedia.org/wiki/2026_FIFA_World_Cup_squads
Ivory Coast,Mohamed Kone,GK,2002-03-07,,unmatched,https://en.wikipedia.org/wiki/2026_FIFA_World_Cup_squads
Ivory Coast,Guela Doue,DF,2002-10-17,,unmatched,https://en.wikipedia.org/wiki/2026_FIFA_World_Cup_squads
Ivory Coast,Ibrahim Sangare,MF,1997-12-02,,unmatched,https://en.wikipedia.org/wiki/2026_FIFA_World_Cup_squads
Ivory Coast,Nicolas Pepe,FW,1995-05-29,,unmatched,https://en.wikipedia.org/wiki/2026_FIFA_World_Cup_squads
Ivory Coast,Emmanuel Agbadou,DF,1997-06-17,,unmatched,https://en.wikipedia.org/wiki/2026_FIFA_World_Cup_squads
Ivory Coast,Evan Ndicka,DF,1999-08-20,,unmatched,https://en.wikipedia.org/wiki/2026_FIFA_World_Cup_squads
Ivory Coast,Evann Guessand,FW,2001-07-01,,unmatched,https://en.wikipedia.org/wiki/2026_FIFA_World_Cup_squads
Ivory Coast,Alban Lafont,GK,1999-01-23,,unmatched,https://en.wikipedia.org/wiki/2026_FIFA_World_Cup_squads
Ivory Coast,Bazoumana Toure,FW,2006-03-02,,unmatched,https://en.wikipedia.org/wiki/2026_FIFA_World_Cup_squads
Ivory Coast,Parfait Guiagon,MF,2001-02-22,,unmatched,https://en.wikipedia.org/wiki/2026_FIFA_World_Cup_squads
Ivory Coast,Christ Inao Oulai,MF,2006-04-06,,unmatched,https://en.wikipedia.org/wiki/2026_FIFA_World_Cup_squads
Japan,Zion Suzuki,GK,2002-08-21,,unmatched,https://en.wikipedia.org/wiki/2026_FIFA_World_Cup_squads
Japan,Yukinari Sugawara,DF,2000-06-28,,unmatched,https://en.wikipedia.org/wiki/2026_FIFA_World_Cup_squads
Japan,Shogo Taniguchi,DF,1991-07-15,P-08385,name+dob,https://en.wikipedia.org/wiki/2026_FIFA_World_Cup_squads
Japan,Ko Itakura,DF,1997-01-27,P-06240,name+dob,https://en.wikipedia.org/wiki/2026_FIFA_World_Cup_squads
Japan,Yuto Nagatomo,DF,1986-09-12,P-00441,name+dob,https://en.wikipedia.org/wiki/2026_FIFA_World_Cup_squads
Japan,Shuto Machino,FW,1999-09-30,P-08620,name+dob,https://en.wikipedia.org/wiki/2026_FIFA_World_Cup_squads
Japan,Ao Tanaka,MF,1998-09-10,P-07628,name+dob,https://en.wikipedia.org/wiki/2026_FIFA_World_Cup_squads
Japan,Takefusa Kubo,MF,2001-06-04,P-08791,name+dob,https://en.wikipedia.org/wiki/2026_FIFA_World_Cup_squads
Japan,Keisuke Goto,FW,2005-06-03,,unmatched,https://en.wikipedia.org/wiki/2026_FIFA_World_Cup_squads
Japan,Ritsu Doan,MF,1998-06-16,P-06744,name+dob,https://en.wikipedia.org/wiki/2026_FIFA_World_Cup_squads
Japan,Daizen Maeda,MF,1997-10-20,P-06117,name+dob,https://en.wikipedia.org/wiki/2026_FIFA_World_Cup_squads
Japan,Keisuke Osako,GK,1999-07-28,,unmatched,https://en.wikipedia.org/wiki/2026_FIFA_World_Cup_squads
Japan,Keito Nakamura,MF,2000-07-28,,unmatched,https://en.wikipedia.org/wiki/2026_FIFA_World_Cup_squads
Japan,Junya Ito,MF,1993-03-09,P-01555,name+dob,https://en.wikipedia.org/wiki/2026_FIFA_World_Cup_squads
Japan,Daichi Kamada,MF,1996-08-05,P-01380,name+dob,https://en.wikipedia.org/wiki/2026_FIFA_World_Cup_squads
Japan,Tsuyoshi Watanabe,DF,1997-02-05,,unmatched,https://en.wikipedia.org/wiki/2026_FIFA_World_Cup_squads
Japan,Yuito Suzuki,MF,2001-10-25,,unmatched,https://en.wikipedia.org/wiki/2026_FIFA_World_Cup_squads
Japan,Ayase Ueda,FW,1998-08-28,P-05755,name+dob,https://en.wikipedia.org/wiki/2026_FIFA_World_Cup_squads
Japan,Koki Ogawa,FW,1997-08-08,,unmatched,https://en.wikipedia.org/wiki/2026_FIFA_World_Cup_squads
Japan,Ayumu Seko,DF,2000-06-07,,unmatched,https://en.wikipedia.org/wiki/2026_FIFA_World_Cup_squads
Japan,Hiroki Ito,DF,1999-05-12,P-07899,name+dob,https://en.wikipedia.org/wiki/2026_FIFA_World_Cup_squads
Japan,Takehiro Tomiyasu,DF,1998-11-05,P-09789,name+dob,https://en.wikipedia.org/wiki/2026_FIFA_World_Cup_squads
Japan,Tomoki Hayakawa,GK,1999-03-03,,unmatched,https://en.wikipedia.org/wiki/2026_FIFA_World_Cup_squads
Japan,Kaishu Sano,MF,2000-12-30,,unmatched,https://en.wikipedia.org/wiki/2026_FIFA_World_Cup_squads
Japan,Junnosuke Suzuki,DF,2003-07-12,,unmatched,https://en.wikipedia.org/wiki/2026_FIFA_World_Cup_squads
Japan,Kento Shiogai,FW,2005-03-26,,unmatched,https://en.wikipedia.org/wiki/2026_FIFA_World_Cup_squads
Netherlands,Bart Verbruggen,GK,2002-08-18,,unmatched,https://en.wikipedia.org/wiki/2026_FIFA_World_Cup_squads
Netherlands,Lutsharel Geertruida,DF,2000-07-18,,unmatched,https://en.wikipedia.org/wiki/2026_FIFA_World_Cup_squads
Netherlands,Marten de Roon,MF,1991-03-29,P-05174,name+dob,https://en.wikipedia.org/wiki/2026_FIFA_World_Cup_squads
Netherlands,Virgil van Dijk,DF,1991-07-08,P-00725,name+dob,https://en.wikipedia.org/wiki/2026_FIFA_World_Cup_squads
Netherlands,Nathan Ake,DF,1995-02-18,P-05102,name+dob,https://en.wikipedia.org/wiki/2026_FIFA_World_Cup_squads
Netherlands,Jan Paul van Hecke,DF,2000-06-08,,unmatched,https://en.wikipedia.org/wiki/2026_FIFA_World_Cup_squads
Netherlands,Justin Kluivert,MF,1999-05-05,,unmatched,https://en.wikipedia.org/wiki/2026_FIFA_World_Cup_squads
Netherlands,Ryan Gravenberch,MF,2002-05-16,,unmatched,https://en.wikipedia.org/wiki/2026_FIFA_World_Cup_squads
Netherlands,Wout Weghorst,FW,1992-08-07,P-00518,name+dob,https://en.wikipedia.org/wiki/2026_FIFA_World_Cup_squads
Netherlands,Memphis Depay,FW,1994-02-13,P-05448,name+dob,https://en.wikipedia.org/wiki/2026_FIFA_World_Cup_squads
Netherlands,Cody Gakpo,FW,1999-05-07,P-08712,name+dob,https://en.wikipedia.org/wiki/2026_FIFA_World_Cup_squads
Netherlands,Mats Wieffer,DF,1999-11-16,,unmatched,https://en.wikipedia.org/wiki/2026_FIFA_World_Cup_squads
Netherlands,Robin Roefs,GK,2003-01-17,,unmatched,https://en.wikipedia.org/wiki/2026_FIFA_World_Cup_squads
Netherlands,Tijjani Reijnders,MF,1998-07-29,,unmatched,https://en.wikipedia.org/wiki/2026_FIFA_World_Cup_squads
Netherlands,Micky van de Ven,DF,2001-04-19,,unmatched,https://en.wikipedia.org/wiki/2026_FIFA_World_Cup_squads
Netherlands,Guus Til,MF,1997-12-22,,unmatched,https://en.wikipedia.org/wiki/2026_FIFA_World_Cup_squads
Netherlands,Noa Lang,FW,1999-06-17,P-04675,name+dob,https://en.wikipedia.org/wiki/2026_FIFA_World_Cup_squads
Netherlands,Donyell Malen,FW,1999-01-19,,unmatched,https://en.wikipedia.org/wiki/2026_FIFA_World_Cup_squads
Netherlands,Brian Brobbey,FW,2002-02-01,,unmatched,https://en.wikipedia.org/wiki/2026_FIFA_World_Cup_squads
Netherlands,Teun Koopmeiners,MF,1998-02-28,P-02710,name+dob,https://en.wikipedia.org/wiki/2026_FIFA_World_Cup_squads
Netherlands,Frenkie de Jong,MF,1997-05-12,P-00959,name+dob,https://en.wikipedia.org/wiki/2026_FIFA_World_Cup_squads
Netherlands,Denzel Dumfries,DF,1996-04-18,P-04893,name+dob,https://en.wikipedia.org/wiki/2026_FIFA_World_Cup_squads
Netherlands,Mark Flekken,GK,1993-06-13,,unmatched,https://en.wikipedia.org/wiki/2026_FIFA_World_Cup_squads
Netherlands,Crysencio Summerville,FW,2001-10-30,,unmatched,https://en.wikipedia.org/wiki/2026_FIFA_World_Cup_squads
Netherlands,Jorrel Hato,DF,2006-03-07,,unmatched,https://en.wikipedia.org/wiki/2026_FIFA_World_Cup_squads
Netherlands,Quinten Timber,MF,2001-06-17,,unmatched,https://en.wikipedia.org/wiki/2026_FIFA_World_Cup_squads
Sweden,Jacob Widell Zetterstrom,GK,1998-07-11,,unmatched,https://en.wikipedia.org/wiki/2026_FIFA_World_Cup_squads
Sweden,Gustaf Lagerbielke,DF,2000-04-10,,unmatched,https://en.wikipedia.org/wiki/2026_FIFA_World_Cup_squads
Sweden,Victor Lindelof,DF,1994-07-17,P-05838,name+dob,https://en.wikipedia.org/wiki/2026_FIFA_World_Cup_squads
Sweden,Isak Hien,DF,1999-01-13,,unmatched,https://en.wikipedia.org/wiki/2026_FIFA_World_Cup_squads
Sweden,Gabriel Gudmundsson,DF,1999-04-29,,unmatched,https://en.wikipedia.org/wiki/2026_FIFA_World_Cup_squads
Sweden,Herman Johansson,DF,1997-10-16,,unmatched,https://en.wikipedia.org/wiki/2026_FIFA_World_Cup_squads
Sweden,Lucas Bergvall,MF,2006-02-02,,unmatched,https://en.wikipedia.org/wiki/2026_FIFA_World_Cup_squads
Sweden,Daniel Svensson,DF,2002-02-12,,unmatched,https://en.wikipedia.org/wiki/2026_FIFA_World_Cup_squads
Sweden,Alexander Isak,FW,1999-09-21,,unmatched,https://en.wikipedia.org/wiki/2026_FIFA_World_Cup_squads
Sweden,Benjamin Nygren,MF,2001-07-08,,unmatched,https://en.wikipedia.org/wiki/2026_FIFA_World_Cup_squads
Sweden,Anthony Elanga,FW,2002-04-27,,unmatched,https://en.wikipedia.org/wiki/2026_FIFA_World_Cup_squads
Sweden,Viktor Johansson,GK,1998-09-14,,unmatched,https://en.wikipedia.org/wiki/2026_FIFA_World_Cup_squads
Sweden,Ken Sema,MF,1993-09-30,,unmatched,https://en.wikipedia.org/wiki/2026_FIFA_World_Cup_squads
Sweden,Hjalmar Ekdal,DF,1998-10-21,,unmatched,https://en.wikipedia.org/wiki/2026_FIFA_World_Cup_squads
Sweden,Carl Starfelt,DF,1995-06-01,,unmatched,https://en.wikipedia.org/wiki/2026_FIFA_World_Cup_squads
Sweden,Jesper Karlstrom,MF,1995-06-21,,unmatched,https://en.wikipedia.org/wiki/2026_FIFA_World_Cup_squads
Sweden,Viktor Gyokeres,FW,1998-06-04,,unmatched,https://en.wikipedia.org/wiki/2026_FIFA_World_Cup_squads
Sweden,Yasin Ayari,MF,2003-10-06,,unmatched,https://en.wikipedia.org/wiki/2026_FIFA_World_Cup_squads
Sweden,Mattias Svanberg,MF,1999-01-05,,unmatched,https://en.wikipedia.org/wiki/2026_FIFA_World_Cup_squads
Sweden,Eric Smith,DF,1997-01-08,,unmatched,https://en.wikipedia.org/wiki/2026_FIFA_World_Cup_squads
Sweden,Alexander Bernhardsson,DF,1998-09-08,,unmatched,https://en.wikipedia.org/wiki/2026_FIFA_World_Cup_squads
Sweden,Besfort Zeneli,MF,2002-11-21,,unmatched,https://en.wikipedia.org/wiki/2026_FIFA_World_Cup_squads
Sweden,Kristoffer Nordfeldt,GK,1989-06-23,P-03373,name+dob,https://en.wikipedia.org/wiki/2026_FIFA_World_Cup_squads
Sweden,Elliot Stroud,DF,2002-06-22,,unmatched,https://en.wikipedia.org/wiki/2026_FIFA_World_Cup_squads
Sweden,Gustaf Nilsson,FW,1997-05-23,,unmatched,https://en.wikipedia.org/wiki/2026_FIFA_World_Cup_squads
Sweden,Taha Ali,FW,1998-07-01,,unmatched,https://en.wikipedia.org/wiki/2026_FIFA_World_Cup_squads
Tunisia,Mouhib Chamakh,GK,2001-08-25,,unmatched,https://en.wikipedia.org/wiki/2026_FIFA_World_Cup_squads
Tunisia,Ali Abdi,DF,1993-12-20,P-00323,name+dob,https://en.wikipedia.org/wiki/2026_FIFA_World_Cup_squads
Tunisia,Montassar Talbi,DF,1998-05-26,P-09499,name+dob,https://en.wikipedia.org/wiki/2026_FIFA_World_Cup_squads
Tunisia,Omar Rekik,DF,2001-12-20,,unmatched,https://en.wikipedia.org/wiki/2026_FIFA_World_Cup_squads
Tunisia,Adem Arous,DF,2004-07-17,,unmatched,https://en.wikipedia.org/wiki/2026_FIFA_World_Cup_squads
Tunisia,Dylan Bronn,DF,1995-06-19,P-01820,name+dob,https://en.wikipedia.org/wiki/2026_FIFA_World_Cup_squads
Tunisia,Elias Achouri,FW,1999-02-10,,unmatched,https://en.wikipedia.org/wiki/2026_FIFA_World_Cup_squads
Tunisia,Elias Saad,FW,1999-12-27,,unmatched,https://en.wikipedia.org/wiki/2026_FIFA_World_Cup_squads
Tunisia,Hazem Mastouri,FW,1997-06-18,,unmatched,https://en.wikipedia.org/wiki/2026_FIFA_World_Cup_squads
Tunisia,Hannibal Mejbri,MF,2003-01-21,P-03785,name+dob,https://en.wikipedia.org/wiki/2026_FIFA_World_Cup_squads
Tunisia,Ismael Gharbi,MF,2004-04-10,,unmatched,https://en.wikipedia.org/wiki/2026_FIFA_World_Cup_squads
Tunisia,Mortadha Ben Ouanes,DF,1994-07-02,,unmatched,https://en.wikipedia.org/wiki/2026_FIFA_World_Cup_squads
Tunisia,Rani Khedira,MF,1994-01-27,,unmatched,https://en.wikipedia.org/wiki/2026_FIFA_World_Cup_squads
Tunisia,Khalil Ayari,MF,2005-02-02,,unmatched,https://en.wikipedia.org/wiki/2026_FIFA_World_Cup_squads
Tunisia,Hadj Mahmoud,MF,2000-04-24,,unmatched,https://en.wikipedia.org/wiki/2026_FIFA_World_Cup_squads
Tunisia,Aymen Dahmen,GK,1997-01-28,P-06312,name+dob,https://en.wikipedia.org/wiki/2026_FIFA_World_Cup_squads
Tunisia,Ellyes Skhiri,MF,1995-05-10,P-06056,name+dob,https://en.wikipedia.org/wiki/2026_FIFA_World_Cup_squads
Tunisia,Rayan Elloumi,FW,2007-09-17,,unmatched,https://en.wikipedia.org/wiki/2026_FIFA_World_Cup_squads
Tunisia,Firas Chaouat,FW,1996-05-08,,unmatched,https://en.wikipedia.org/wiki/2026_FIFA_World_Cup_squads
Tunisia,Yan Valery,DF,1999-02-22,,unmatched,https://en.wikipedia.org/wiki/2026_FIFA_World_Cup_squads
Tunisia,Mohamed Amine Ben Hamida,DF,1995-12-15,,unmatched,https://en.wikipedia.org/wiki/2026_FIFA_World_Cup_squads
Tunisia,Sabri Ben Hessen,GK,1996-06-13,,unmatched,https://en.wikipedia.org/wiki/2026_FIFA_World_Cup_squads
Tunisia,Moutaz Neffati,DF,2004-09-04,,unmatched,https://en.wikipedia.org/wiki/2026_FIFA_World_Cup_squads
Tunisia,Raed Chikhaoui,DF,2004-06-09,,unmatched,https://en.wikipedia.org/wiki/2026_FIFA_World_Cup_squads
Tunisia,Anis Ben Slimane,MF,2001-03-16,P-04506,name+dob,https://en.wikipedia.org/wiki/2026_FIFA_World_Cup_squads
Tunisia,Sebastian Tounekti,MF,2002-07-13,,unmatched,https://en.wikipedia.org/wiki/2026_FIFA_World_Cup_squads
Belgium,Thibaut Courtois,GK,1992-05-11,P-08801,name+dob,https://en.wikipedia.org/wiki/2026_FIFA_World_Cup_squads
Belgium,Zeno Debast,DF,2003-10-24,P-02652,name+dob,https://en.wikipedia.org/wiki/2026_FIFA_World_Cup_squads
Belgium,Arthur Theate,DF,2000-05-25,P-09025,name+dob,https://en.wikipedia.org/wiki/2026_FIFA_World_Cup_squads
Belgium,Brandon Mechele,DF,1993-01-28,,unmatched,https://en.wikipedia.org/wiki/2026_FIFA_World_Cup_squads
Belgium,Maxim De Cuyper,DF,2000-12-22,,unmatched,https://en.wikipedia.org/wiki/2026_FIFA_World_Cup_squads
Belgium,Axel Witsel,MF,1989-01-12,P-01634,name+dob,https://en.wikipedia.org/wiki/2026_FIFA_World_Cup_squads
Belgium,Kevin De Bruyne,MF,1991-06-28,P-07874,name+dob,https://en.wikipedia.org/wiki/2026_FIFA_World_Cup_squads
Belgium,Youri Tielemans,MF,1997-05-07,P-03844,name+dob,https://en.wikipedia.org/wiki/2026_FIFA_World_Cup_squads
Belgium,Romelu Lukaku,FW,1993-05-13,P-04538,name+dob,https://en.wikipedia.org/wiki/2026_FIFA_World_Cup_squads
Belgium,Leandro Trossard,FW,1994-12-04,P-07871,name+dob,https://en.wikipedia.org/wiki/2026_FIFA_World_Cup_squads
Belgium,Jeremy Doku,FW,2002-05-27,P-00215,name+dob,https://en.wikipedia.org/wiki/2026_FIFA_World_Cup_squads
Belgium,Senne Lammens,GK,2002-07-07,,unmatched,https://en.wikipedia.org/wiki/2026_FIFA_World_Cup_squads
Belgium,Mike Penders,GK,2005-07-31,,unmatched,https://en.wikipedia.org/wiki/2026_FIFA_World_Cup_squads
Belgium,Dodi Lukebakio,FW,1997-09-24,,unmatched,https://en.wikipedia.org/wiki/2026_FIFA_World_Cup_squads
Belgium,Thomas Meunier,DF,1991-09-12,P-00084,name+dob,https://en.wikipedia.org/wiki/2026_FIFA_World_Cup_squads
Belgium,Koni De Winter,DF,2002-06-12,,unmatched,https://en.wikipedia.org/wiki/2026_FIFA_World_Cup_squads
Belgium,Charles De Ketelaere,FW,2001-03-10,P-02927,name+dob,https://en.wikipedia.org/wiki/2026_FIFA_World_Cup_squads
Belgium,Joaquin Seys,DF,2005-03-28,,unmatched,https://en.wikipedia.org/wiki/2026_FIFA_World_Cup_squads
Belgium,Diego Moreira,MF,2004-08-06,,unmatched,https://en.wikipedia.org/wiki/2026_FIFA_World_Cup_squads
Belgium,Hans Vanaken,MF,1992-08-24,P-07893,name+dob,https://en.wikipedia.org/wiki/2026_FIFA_World_Cup_squads
Belgium,Timothy Castagne,DF,1995-12-05,P-05846,name+dob,https://en.wikipedia.org/wiki/2026_FIFA_World_Cup_squads
Belgium,Alexis Saelemaekers,MF,1999-06-27,,unmatched,https://en.wikipedia.org/wiki/2026_FIFA_World_Cup_squads
Belgium,Nicolas Raskin,MF,2001-02-23,,unmatched,https://en.wikipedia.org/wiki/2026_FIFA_World_Cup_squads
Belgium,Amadou Onana,MF,2001-08-16,P-03030,name+dob,https://en.wikipedia.org/wiki/2026_FIFA_World_Cup_squads
Belgium,Nathan Ngoy,DF,2003-06-10,,unmatched,https://en.wikipedia.org/wiki/2026_FIFA_World_Cup_squads
Belgium,Matias Fernandez-Pardo,FW,2005-02-03,,unmatched,https://en.wikipedia.org/wiki/2026_FIFA_World_Cup_squads
Egypt,Mohamed Shenawy,GK,1988-12-18,,unmatched,https://en.wikipedia.org/wiki/2026_FIFA_World_Cup_squads
Egypt,Yasser Ibrahim,DF,1993-02-10,,unmatched,https://en.wikipedia.org/wiki/2026_FIFA_World_Cup_squads
Egypt,Mohamed Hany,DF,1996-02-02,,unmatched,https://en.wikipedia.org/wiki/2026_FIFA_World_Cup_squads
Egypt,Hossam Abdelmaguid,DF,2001-04-30,,unmatched,https://en.wikipedia.org/wiki/2026_FIFA_World_Cup_squads
Egypt,Ramy Rabia,DF,1993-05-20,,unmatched,https://en.wikipedia.org/wiki/2026_FIFA_World_Cup_squads
Egypt,Mohamed Abdelmonem,DF,1999-02-01,,unmatched,https://en.wikipedia.org/wiki/2026_FIFA_World_Cup_squads
Egypt,Trezeguet,FW,1994-10-01,,unmatched,https://en.wikipedia.org/wiki/2026_FIFA_World_Cup_squads
Egypt,Emam Ashour,MF,1998-02-20,,unmatched,https://en.wikipedia.org/wiki/2026_FIFA_World_Cup_squads
Egypt,Hamza Abdelkarim,FW,2008-01-01,,unmatched,https://en.wikipedia.org/wiki/2026_FIFA_World_Cup_squads
Egypt,Mohamed Salah,FW,1992-06-15,P-06216,name+dob,https://en.wikipedia.org/wiki/2026_FIFA_World_Cup_squads
Egypt,Mostafa Ziko,MF,1997-04-27,,unmatched,https://en.wikipedia.org/wiki/2026_FIFA_World_Cup_squads
Egypt,Haissem Hassan,FW,2002-02-08,,unmatched,https://en.wikipedia.org/wiki/2026_FIFA_World_Cup_squads
Egypt,Ahmed Fatouh,DF,1998-03-22,,unmatched,https://en.wikipedia.org/wiki/2026_FIFA_World_Cup_squads
Egypt,Hamdy Fathy,MF,1994-09-29,,unmatched,https://en.wikipedia.org/wiki/2026_FIFA_World_Cup_squads
Egypt,Karim Hafez,DF,1996-03-12,,unmatched,https://en.wikipedia.org/wiki/2026_FIFA_World_Cup_squads
Egypt,El Mahdy Soliman,GK,1987-06-08,,unmatched,https://en.wikipedia.org/wiki/2026_FIFA_World_Cup_squads
Egypt,Mohanad Lasheen,MF,1996-05-29,,unmatched,https://en.wikipedia.org/wiki/2026_FIFA_World_Cup_squads
Egypt,Nabil Emad,MF,1996-04-06,,unmatched,https://en.wikipedia.org/wiki/2026_FIFA_World_Cup_squads
Egypt,Marwan Attia,MF,1998-08-01,,unmatched,https://en.wikipedia.org/wiki/2026_FIFA_World_Cup_squads
Egypt,Ibrahim Adel,FW,2001-04-23,,unmatched,https://en.wikipedia.org/wiki/2026_FIFA_World_Cup_squads
Egypt,Mahmoud Saber,MF,2001-07-30,,unmatched,https://en.wikipedia.org/wiki/2026_FIFA_World_Cup_squads
Egypt,Omar Marmoush,FW,1999-02-07,,unmatched,https://en.wikipedia.org/wiki/2026_FIFA_World_Cup_squads
Egypt,Mostafa Shobeir,GK,2000-05-15,,unmatched,https://en.wikipedia.org/wiki/2026_FIFA_World_Cup_squads
Egypt,Tarek Alaa,DF,2002-01-05,,unmatched,https://en.wikipedia.org/wiki/2026_FIFA_World_Cup_squads
Egypt,Zizo,FW,1996-01-10,,unmatched,https://en.wikipedia.org/wiki/2026_FIFA_World_Cup_squads
Egypt,Mohamed Alaa,GK,1999-01-01,,unmatched,https://en.wikipedia.org/wiki/2026_FIFA_World_Cup_squads
Iran,Alireza Beiranvand,GK,1992-09-21,P-08020,name+dob,https://en.wikipedia.org/wiki/2026_FIFA_World_Cup_squads
Iran,Saleh Hardani,DF,1998-12-26,,unmatched,https://en.wikipedia.org/wiki/2026_FIFA_World_Cup_squads
Iran,Ehsan Hajsafi,DF,1990-02-25,P-02616,name+dob,https://en.wikipedia.org/wiki/2026_FIFA_World_Cup_squads
Iran,Shojae Khalilzadeh,DF,1989-05-14,P-07285,name+dob,https://en.wikipedia.org/wiki/2026_FIFA_World_Cup_squads
Iran,Milad Mohammadi,DF,1993-09-29,P-00435,name+dob,https://en.wikipedia.org/wiki/2026_FIFA_World_Cup_squads
Iran,Saeid Ezatolahi,MF,1996-10-01,P-00566,name+dob,https://en.wikipedia.org/wiki/2026_FIFA_World_Cup_squads
Iran,Alireza Jahanbakhsh,MF,1993-08-11,P-09221,name+dob,https://en.wikipedia.org/wiki/2026_FIFA_World_Cup_squads
Iran,Mohammad Mohebi,MF,1998-12-20,,unmatched,https://en.wikipedia.org/wiki/2026_FIFA_World_Cup_squads
Iran,Mehdi Taremi,FW,1992-07-18,P-05875,name+dob,https://en.wikipedia.org/wiki/2026_FIFA_World_Cup_squads
Iran,Mehdi Ghayedi,FW,1998-12-05,,unmatched,https://en.wikipedia.org/wiki/2026_FIFA_World_Cup_squads
Iran,Ali Alipour,FW,1995-11-11,,unmatched,https://en.wikipedia.org/wiki/2026_FIFA_World_Cup_squads
Iran,Payam Niazmand,GK,1995-04-06,P-07066,name+dob,https://en.wikipedia.org/wiki/2026_FIFA_World_Cup_squads
Iran,Hossein Kanaanizadegan,DF,1994-03-23,P-07274,name+dob,https://en.wikipedia.org/wiki/2026_FIFA_World_Cup_squads
Iran,Saman Ghoddos,MF,1993-09-06,P-07112,name+dob,https://en.wikipedia.org/wiki/2026_FIFA_World_Cup_squads
Iran,Rouzbeh Cheshmi,MF,1993-07-24,P-06002,name+dob,https://en.wikipedia.org/wiki/2026_FIFA_World_Cup_squads
Iran,Mehdi Torabi,MF,1994-09-10,P-05227,name+dob,https://en.wikipedia.org/wiki/2026_FIFA_World_Cup_squads
Iran,Aria Yousefi,DF,2002-04-22,,unmatched,https://en.wikipedia.org/wiki/2026_FIFA_World_Cup_squads
Iran,Amirhossein Hosseinzadeh,FW,2000-10-30,,unmatched,https://en.wikipedia.org/wiki/2026_FIFA_World_Cup_squads
Iran,Ali Nemati,DF,1996-02-08,,unmatched,https://en.wikipedia.org/wiki/2026_FIFA_World_Cup_squads
Iran,Shahriyar Moghanlou,FW,1994-12-21,,unmatched,https://en.wikipedia.org/wiki/2026_FIFA_World_Cup_squads
Iran,Mohammad Ghorbani,MF,2001-10-07,,unmatched,https://en.wikipedia.org/wiki/2026_FIFA_World_Cup_squads
Iran,Hossein Hosseini,GK,1992-06-30,P-05101,name+dob,https://en.wikipedia.org/wiki/2026_FIFA_World_Cup_squads
Iran,Ramin Rezaeian,DF,1990-03-21,P-06917,name+dob,https://en.wikipedia.org/wiki/2026_FIFA_World_Cup_squads
Iran,Dennis Eckert,FW,1997-01-09,,unmatched,https://en.wikipedia.org/wiki/2026_FIFA_World_Cup_squads
Iran,Danial Eiri,DF,2003-10-26,,unmatched,https://en.wikipedia.org/wiki/2026_FIFA_World_Cup_squads
Iran,Amirmohammad Razzaghinia,MF,2006-04-11,,unmatched,https://en.wikipedia.org/wiki/2026_FIFA_World_Cup_squads
New Zealand,Max Crocombe,GK,1993-08-12,,unmatched,https://en.wikipedia.org/wiki/2026_FIFA_World_Cup_squads
New Zealand,Tim Payne,DF,1994-01-10,,unmatched,https://en.wikipedia.org/wiki/2026_FIFA_World_Cup_squads
New Zealand,Francis de Vries,DF,1994-11-28,,unmatched,https://en.wikipedia.org/wiki/2026_FIFA_World_Cup_squads
New Zealand,Tyler Bindon,DF,2005-01-27,,unmatched,https://en.wikipedia.org/wiki/2026_FIFA_World_Cup_squads
New Zealand,Michael Boxall,DF,1988-08-18,,unmatched,https://en.wikipedia.org/wiki/2026_FIFA_World_Cup_squads
New Zealand,Joe Bell,MF,1999-04-27,,unmatched,https://en.wikipedia.org/wiki/2026_FIFA_World_Cup_squads
New Zealand,Matthew Garbett,MF,2002-04-13,,unmatched,https://en.wikipedia.org/wiki/2026_FIFA_World_Cup_squads
New Zealand,Marko Stamenic,MF,2002-02-19,,unmatched,https://en.wikipedia.org/wiki/2026_FIFA_World_Cup_squads
New Zealand,Chris Wood,FW,1991-12-07,P-07308,name+dob,https://en.wikipedia.org/wiki/2026_FIFA_World_Cup_squads
New Zealand,Sarpreet Singh,MF,1999-02-20,,unmatched,https://en.wikipedia.org/wiki/2026_FIFA_World_Cup_squads
New Zealand,Elijah Just,MF,2000-05-01,,unmatched,https://en.wikipedia.org/wiki/2026_FIFA_World_Cup_squads
New Zealand,Alex Paulsen,GK,2002-07-04,,unmatched,https://en.wikipedia.org/wiki/2026_FIFA_World_Cup_squads
New Zealand,Liberato Cacace,DF,2000-09-27,,unmatched,https://en.wikipedia.org/wiki/2026_FIFA_World_Cup_squads
New Zealand,Alex Rufer,MF,1996-06-12,,unmatched,https://en.wikipedia.org/wiki/2026_FIFA_World_Cup_squads
New Zealand,Nando Pijnaker,DF,1999-02-25,,unmatched,https://en.wikipedia.org/wiki/2026_FIFA_World_Cup_squads
New Zealand,Finn Surman,DF,2003-09-23,,unmatched,https://en.wikipedia.org/wiki/2026_FIFA_World_Cup_squads
New Zealand,Kosta Barbarouses,FW,1990-02-19,,unmatched,https://en.wikipedia.org/wiki/2026_FIFA_World_Cup_squads
New Zealand,Ben Waine,FW,2001-06-11,,unmatched,https://en.wikipedia.org/wiki/2026_FIFA_World_Cup_squads
New Zealand,Ben Old,MF,2002-08-13,,unmatched,https://en.wikipedia.org/wiki/2026_FIFA_World_Cup_squads
New Zealand,Callum Mccowatt,MF,1999-04-30,,unmatched,https://en.wikipedia.org/wiki/2026_FIFA_World_Cup_squads
New Zealand,Jesse Randall,FW,2002-08-19,,unmatched,https://en.wikipedia.org/wiki/2026_FIFA_World_Cup_squads
New Zealand,Michael Woud,GK,1999-01-16,,unmatched,https://en.wikipedia.org/wiki/2026_FIFA_World_Cup_squads
New Zealand,Ryan Thomas,MF,1994-12-20,,unmatched,https://en.wikipedia.org/wiki/2026_FIFA_World_Cup_squads
New Zealand,Callan Elliot,DF,1999-07-07,,unmatched,https://en.wikipedia.org/wiki/2026_FIFA_World_Cup_squads
New Zealand,Lachlan Bayliss,MF,2002-07-24,,unmatched,https://en.wikipedia.org/wiki/2026_FIFA_World_Cup_squads
New Zealand,Tommy Smith,DF,1990-03-31,P-04678,name+dob,https://en.wikipedia.org/wiki/2026_FIFA_World_Cup_squads
Cape Verde,Vozinha,GK,1986-06-03,,unmatched,https://en.wikipedia.org/wiki/2026_FIFA_World_Cup_squads
Cape Verde,Stopira,DF,1988-05-20,,unmatched,https://en.wikipedia.org/wiki/2026_FIFA_World_Cup_squads
Cape Verde,Diney,DF,1995-01-17,,unmatched,https://en.wikipedia.org/wiki/2026_FIFA_World_Cup_squads
Cape Verde,Roberto Lopes,DF,1992-06-17,,unmatched,https://en.wikipedia.org/wiki/2026_FIFA_World_Cup_squads
Cape Verde,Logan Costa,DF,2001-04-01,,unmatched,https://en.wikipedia.org/wiki/2026_FIFA_World_Cup_squads
Cape Verde,Kevin Pina,MF,1997-01-27,,unmatched,https://en.wikipedia.org/wiki/2026_FIFA_World_Cup_squads
Cape Verde,Jovane Cabral,MF,1998-06-14,,unmatched,https://en.wikipedia.org/wiki/2026_FIFA_World_Cup_squads
Cape Verde,Joao Paulo,MF,1998-05-26,,unmatched,https://en.wikipedia.org/wiki/2026_FIFA_World_Cup_squads
Cape Verde,Gilson Benchimol,FW,2001-12-29,,unmatched,https://en.wikipedia.org/wiki/2026_FIFA_World_Cup_squads
Cape Verde,Jamiro Monteiro,MF,1993-11-23,,unmatched,https://en.wikipedia.org/wiki/2026_FIFA_World_Cup_squads
Cape Verde,Garry Rodrigues,MF,1990-11-27,,unmatched,https://en.wikipedia.org/wiki/2026_FIFA_World_Cup_squads
Cape Verde,Marcio Rosa,GK,1997-02-23,,unmatched,https://en.wikipedia.org/wiki/2026_FIFA_World_Cup_squads
Cape Verde,Sidny Lopes Cabral,DF,2002-09-18,,unmatched,https://en.wikipedia.org/wiki/2026_FIFA_World_Cup_squads
Cape Verde,Deroy Duarte,MF,1999-07-04,,unmatched,https://en.wikipedia.org/wiki/2026_FIFA_World_Cup_squads
Cape Verde,Laros Duarte,MF,1997-02-28,,unmatched,https://en.wikipedia.org/wiki/2026_FIFA_World_Cup_squads
Cape Verde,Yannick Semedo,MF,1995-12-29,,unmatched,https://en.wikipedia.org/wiki/2026_FIFA_World_Cup_squads
Cape Verde,Willy Semedo,MF,1994-04-27,,unmatched,https://en.wikipedia.org/wiki/2026_FIFA_World_Cup_squads
Cape Verde,Telmo Arcanjo,MF,2001-06-21,,unmatched,https://en.wikipedia.org/wiki/2026_FIFA_World_Cup_squads
Cape Verde,Dailon Livramento,FW,2001-05-04,,unmatched,https://en.wikipedia.org/wiki/2026_FIFA_World_Cup_squads
Cape Verde,Ryan Mendes,FW,1990-01-08,,unmatched,https://en.wikipedia.org/wiki/2026_FIFA_World_Cup_squads
Cape Verde,Nuno Da Costa,MF,1991-02-10,,unmatched,https://en.wikipedia.org/wiki/2026_FIFA_World_Cup_squads
Cape Verde,Steven Moreira,DF,1994-08-13,,unmatched,https://en.wikipedia.org/wiki/2026_FIFA_World_Cup_squads
Cape Verde,Cj Dos Santos,GK,2000-08-24,,unmatched,https://en.wikipedia.org/wiki/2026_FIFA_World_Cup_squads
Cape Verde,Wagner Pina,DF,2002-11-03,,unmatched,https://en.wikipedia.org/wiki/2026_FIFA_World_Cup_squads
Cape Verde,Kelvin Pires,DF,2000-06-05,,unmatched,https://en.wikipedia.org/wiki/2026_FIFA_World_Cup_squads
Cape Verde,Helio Varela,MF,2002-05-03,,unmatched,https://en.wikipedia.org/wiki/2026_FIFA_World_Cup_squads
Saudi Arabia,Nawaf Aqidi,GK,2000-05-10,,unmatched,https://en.wikipedia.org/wiki/2026_FIFA_World_Cup_squads
Saudi Arabia,Ali Majrashi,DF,1999-10-02,,unmatched,https://en.wikipedia.org/wiki/2026_FIFA_World_Cup_squads
Saudi Arabia,Ali Lajami,DF,1996-04-24,,unmatched,https://en.wikipedia.org/wiki/2026_FIFA_World_Cup_squads
Saudi Arabia,Abdulelah Amri,DF,1997-01-15,,unmatched,https://en.wikipedia.org/wiki/2026_FIFA_World_Cup_squads
Saudi Arabia,Hassan Tambakti,DF,1999-02-09,,unmatched,https://en.wikipedia.org/wiki/2026_FIFA_World_Cup_squads
Saudi Arabia,Nasser Dawsari,MF,1998-12-19,,unmatched,https://en.wikipedia.org/wiki/2026_FIFA_World_Cup_squads
Saudi Arabia,Musab Juwayr,MF,2003-06-20,,unmatched,https://en.wikipedia.org/wiki/2026_FIFA_World_Cup_squads
Saudi Arabia,Ayman Yahya,FW,2001-05-14,,unmatched,https://en.wikipedia.org/wiki/2026_FIFA_World_Cup_squads
Saudi Arabia,Firas Buraikan,FW,2000-05-14,,unmatched,https://en.wikipedia.org/wiki/2026_FIFA_World_Cup_squads
Saudi Arabia,Salem Dawsari,FW,1991-08-19,,unmatched,https://en.wikipedia.org/wiki/2026_FIFA_World_Cup_squads
Saudi Arabia,Saleh Shehri,FW,1993-11-01,,unmatched,https://en.wikipedia.org/wiki/2026_FIFA_World_Cup_squads
Saudi Arabia,Saud Abdulhamid,DF,1999-07-18,P-06913,name+dob,https://en.wikipedia.org/wiki/2026_FIFA_World_Cup_squads
Saudi Arabia,Nawaf Boushal,DF,1999-09-16,,unmatched,https://en.wikipedia.org/wiki/2026_FIFA_World_Cup_squads
Saudi Arabia,Hassan Kadesh,DF,1992-09-26,,unmatched,https://en.wikipedia.org/wiki/2026_FIFA_World_Cup_squads
Saudi Arabia,Abdullah Khaibari,MF,1996-08-16,,unmatched,https://en.wikipedia.org/wiki/2026_FIFA_World_Cup_squads
Saudi Arabia,Ziyad Johani,MF,2001-11-11,,unmatched,https://en.wikipedia.org/wiki/2026_FIFA_World_Cup_squads
Saudi Arabia,Khalid Ghannam,FW,2000-11-08,,unmatched,https://en.wikipedia.org/wiki/2026_FIFA_World_Cup_squads
Saudi Arabia,Alaa Hejji,MF,1995-12-03,,unmatched,https://en.wikipedia.org/wiki/2026_FIFA_World_Cup_squads
Saudi Arabia,Abdullah Hamdan,FW,1999-09-13,,unmatched,https://en.wikipedia.org/wiki/2026_FIFA_World_Cup_squads
Saudi Arabia,Sultan Mandash,FW,1994-10-17,,unmatched,https://en.wikipedia.org/wiki/2026_FIFA_World_Cup_squads
Saudi Arabia,Mohammed Owais,GK,1991-10-10,,unmatched,https://en.wikipedia.org/wiki/2026_FIFA_World_Cup_squads
Saudi Arabia,Ahmed Kassar,GK,1991-05-08,,unmatched,https://en.wikipedia.org/wiki/2026_FIFA_World_Cup_squads
Saudi Arabia,Mohamed Kanno,MF,1994-09-22,P-06992,name+dob,https://en.wikipedia.org/wiki/2026_FIFA_World_Cup_squads
Saudi Arabia,Moteb Harbi,DF,2000-02-20,,unmatched,https://en.wikipedia.org/wiki/2026_FIFA_World_Cup_squads
Saudi Arabia,Jehad Thakri,DF,2001-07-21,,unmatched,https://en.wikipedia.org/wiki/2026_FIFA_World_Cup_squads
Saudi Arabia,Mohammed Abu Shamat,DF,2002-08-11,,unmatched,https://en.wikipedia.org/wiki/2026_FIFA_World_Cup_squads
Spain,David Raya,GK,1995-09-15,P-03211,name+dob,https://en.wikipedia.org/wiki/2026_FIFA_World_Cup_squads
Spain,Marc Pubill,DF,2003-06-20,,unmatched,https://en.wikipedia.org/wiki/2026_FIFA_World_Cup_squads
Spain,Alex Grimaldo,DF,1995-09-20,,unmatched,https://en.wikipedia.org/wiki/2026_FIFA_World_Cup_squads
Spain,Eric Garcia,DF,2001-01-09,P-07783,name+dob,https://en.wikipedia.org/wiki/2026_FIFA_World_Cup_squads
Spain,Marcos Llorente,DF,1995-01-30,P-01033,name+dob,https://en.wikipedia.org/wiki/2026_FIFA_World_Cup_squads
Spain,Mikel Merino,MF,1996-06-22,,unmatched,https://en.wikipedia.org/wiki/2026_FIFA_World_Cup_squads
Spain,Ferran Torres,FW,2000-02-29,P-08300,name+dob,https://en.wikipedia.org/wiki/2026_FIFA_World_Cup_squads
Spain,Fabian Ruiz,MF,1996-04-03,,unmatched,https://en.wikipedia.org/wiki/2026_FIFA_World_Cup_squads
Spain,Gavi,MF,2004-08-05,,unmatched,https://en.wikipedia.org/wiki/2026_FIFA_World_Cup_squads
Spain,Dani Olmo,FW,1998-05-07,P-04291,name+dob,https://en.wikipedia.org/wiki/2026_FIFA_World_Cup_squads
Spain,Yeremy Pino,FW,2002-10-20,P-07143,name+dob,https://en.wikipedia.org/wiki/2026_FIFA_World_Cup_squads
Spain,Pedro Porro,DF,1999-09-13,,unmatched,https://en.wikipedia.org/wiki/2026_FIFA_World_Cup_squads
Spain,Joan Garcia,GK,2001-05-04,,unmatched,https://en.wikipedia.org/wiki/2026_FIFA_World_Cup_squads
Spain,Aymeric Laporte,DF,1994-05-27,P-05279,name+dob,https://en.wikipedia.org/wiki/2026_FIFA_World_Cup_squads
Spain,Alex Baena,MF,2001-07-20,,unmatched,https://en.wikipedia.org/wiki/2026_FIFA_World_Cup_squads
Spain,Rodri,MF,1996-06-22,,unmatched,https://en.wikipedia.org/wiki/2026_FIFA_World_Cup_squads
Spain,Nico Williams,FW,2002-07-12,P-04136,name+dob,https://en.wikipedia.org/wiki/2026_FIFA_World_Cup_squads
Spain,Martin Zubimendi,MF,1999-02-02,,unmatched,https://en.wikipedia.org/wiki/2026_FIFA_World_Cup_squads
Spain,Lamine Yamal,FW,2007-07-13,,unmatched,https://en.wikipedia.org/wiki/2026_FIFA_World_Cup_squads
Spain,Pedri,MF,2002-11-25,,unmatched,https://en.wikipedia.org/wiki/2026_FIFA_World_Cup_squads
Spain,Mikel Oyarzabal,FW,1997-04-21,,unmatched,https://en.wikipedia.org/wiki/2026_FIFA_World_Cup_squads
Spain,Pau Cubarsi,DF,2007-01-22,,unmatched,https://en.wikipedia.org/wiki/2026_FIFA_World_Cup_squads
Spain,Unai Simon,GK,1997-06-11,P-05099,name+dob,https://en.wikipedia.org/wiki/2026_FIFA_World_Cup_squads
Spain,Marc Cucurella,DF,1998-07-22,,unmatched,https://en.wikipedia.org/wiki/2026_FIFA_World_Cup_squads
Spain,Victor Munoz,FW,2003-07-13,,unmatched,https://en.wikipedia.org/wiki/2026_FIFA_World_Cup_squads
Spain,Borja Iglesias,FW,1993-01-17,,unmatched,https://en.wikipedia.org/wiki/2026_FIFA_World_Cup_squads
Uruguay,Sergio Rochet,GK,1993-03-23,P-00870,name+dob,https://en.wikipedia.org/wiki/2026_FIFA_World_Cup_squads
Uruguay,Jose Maria Gimenez,DF,1995-01-20,,unmatched,https://en.wikipedia.org/wiki/2026_FIFA_World_Cup_squads
Uruguay,Sebastian Caceres,DF,1999-08-18,,unmatched,https://en.wikipedia.org/wiki/2026_FIFA_World_Cup_squads
Uruguay,Ronald Araujo,DF,1999-03-07,P-05191,name+dob,https://en.wikipedia.org/wiki/2026_FIFA_World_Cup_squads
Uruguay,Manuel Ugarte,MF,2001-04-11,P-05152,name+dob,https://en.wikipedia.org/wiki/2026_FIFA_World_Cup_squads
Uruguay,Rodrigo Bentancur,MF,1997-06-25,P-02778,name+dob,https://en.wikipedia.org/wiki/2026_FIFA_World_Cup_squads
Uruguay,Nicolas de la Cruz,MF,1997-06-01,P-08999,name+dob,https://en.wikipedia.org/wiki/2026_FIFA_World_Cup_squads
Uruguay,Federico Valverde,MF,1998-07-22,P-05914,name+dob,https://en.wikipedia.org/wiki/2026_FIFA_World_Cup_squads
Uruguay,Darwin Nunez,FW,1999-06-24,P-06329,name+dob,https://en.wikipedia.org/wiki/2026_FIFA_World_Cup_squads
Uruguay,Giorgian de Arrascaeta,MF,1994-06-01,P-03780,name+dob,https://en.wikipedia.org/wiki/2026_FIFA_World_Cup_squads
Uruguay,Facundo Pellistri,FW,2001-12-20,P-09993,name+dob,https://en.wikipedia.org/wiki/2026_FIFA_World_Cup_squads
Uruguay,Santiago Mele,GK,1997-09-06,,unmatched,https://en.wikipedia.org/wiki/2026_FIFA_World_Cup_squads
Uruguay,Guillermo Varela,DF,1993-03-24,P-05791,name+dob,https://en.wikipedia.org/wiki/2026_FIFA_World_Cup_squads
Uruguay,Agustin Canobbio,MF,1998-10-01,P-05443,name+dob,https://en.wikipedia.org/wiki/2026_FIFA_World_Cup_squads
Uruguay,Emiliano Martinez,MF,1999-08-17,P-09487,name-only,https://en.wikipedia.org/wiki/2026_FIFA_World_Cup_squads
Uruguay,Mathias Olivera,DF,1997-10-31,P-06584,name+dob,https://en.wikipedia.org/wiki/2026_FIFA_World_Cup_squads
Uruguay,Matias Vina,DF,1997-11-09,P-00919,name+dob,https://en.wikipedia.org/wiki/2026_FIFA_World_Cup_squads
Uruguay,Brian Rodriguez,FW,2000-05-20,,unmatched,https://en.wikipedia.org/wiki/2026_FIFA_World_Cup_squads
Uruguay,Rodrigo Aguirre,FW,1994-10-01,,unmatched,https://en.wikipedia.org/wiki/2026_FIFA_World_Cup_squads
Uruguay,Maximiliano Araujo,MF,2000-02-15,,unmatched,https://en.wikipedia.org/wiki/2026_FIFA_World_Cup_squads
Uruguay,Federico Vinas,FW,1998-06-30,,unmatched,https://en.wikipedia.org/wiki/2026_FIFA_World_Cup_squads
Uruguay,Joaquin Piquerez,MF,1998-08-24,,unmatched,https://en.wikipedia.org/wiki/2026_FIFA_World_Cup_squads
Uruguay,Fernando Muslera,GK,1986-06-16,P-04246,name+dob,https://en.wikipedia.org/wiki/2026_FIFA_World_Cup_squads
Uruguay,Santiago Bueno,DF,1998-11-09,,unmatched,https://en.wikipedia.org/wiki/2026_FIFA_World_Cup_squads
Uruguay,Juan Manuel Sanabria,MF,2000-03-29,,unmatched,https://en.wikipedia.org/wiki/2026_FIFA_World_Cup_squads
Uruguay,Rodrigo Zalazar,MF,1999-08-12,,unmatched,https://en.wikipedia.org/wiki/2026_FIFA_World_Cup_squads
France,Brice Samba,GK,1994-04-25,,unmatched,https://en.wikipedia.org/wiki/2026_FIFA_World_Cup_squads
France,Malo Gusto,DF,2003-05-19,,unmatched,https://en.wikipedia.org/wiki/2026_FIFA_World_Cup_squads
France,Lucas Digne,DF,1993-07-20,P-05809,name+dob,https://en.wikipedia.org/wiki/2026_FIFA_World_Cup_squads
France,Dayot Upamecano,DF,1998-10-27,P-08100,name+dob,https://en.wikipedia.org/wiki/2026_FIFA_World_Cup_squads
France,Jules Kounde,DF,1998-11-12,P-00622,name+dob,https://en.wikipedia.org/wiki/2026_FIFA_World_Cup_squads
France,Manu Kone,MF,2001-05-17,,unmatched,https://en.wikipedia.org/wiki/2026_FIFA_World_Cup_squads
France,Ousmane Dembele,FW,1997-05-15,P-00658,name+dob,https://en.wikipedia.org/wiki/2026_FIFA_World_Cup_squads
France,Aurelien Tchouameni,MF,2000-01-27,P-05019,name+dob,https://en.wikipedia.org/wiki/2026_FIFA_World_Cup_squads
France,Marcus Thuram,FW,1997-08-06,P-05115,name+dob,https://en.wikipedia.org/wiki/2026_FIFA_World_Cup_squads
France,Kylian Mbappe,FW,1998-12-20,P-06978,name+dob,https://en.wikipedia.org/wiki/2026_FIFA_World_Cup_squads
France,Michael Olise,FW,2001-12-12,,unmatched,https://en.wikipedia.org/wiki/2026_FIFA_World_Cup_squads
France,Bradley Barcola,FW,2002-09-02,,unmatched,https://en.wikipedia.org/wiki/2026_FIFA_World_Cup_squads
France,Ngolo Kante,MF,1991-03-29,P-06086,name+dob,https://en.wikipedia.org/wiki/2026_FIFA_World_Cup_squads
France,Adrien Rabiot,MF,1995-04-03,P-08079,name+dob,https://en.wikipedia.org/wiki/2026_FIFA_World_Cup_squads
France,Ibrahima Konate,DF,1999-05-25,P-04666,name+dob,https://en.wikipedia.org/wiki/2026_FIFA_World_Cup_squads
France,Mike Maignan,GK,1995-07-03,,unmatched,https://en.wikipedia.org/wiki/2026_FIFA_World_Cup_squads
France,William Saliba,DF,2001-03-24,P-03039,name+dob,https://en.wikipedia.org/wiki/2026_FIFA_World_Cup_squads
France,Warren Zaire-Emery,MF,2006-03-08,,unmatched,https://en.wikipedia.org/wiki/2026_FIFA_World_Cup_squads
France,Theo Hernandez,DF,1997-10-06,P-08086,name+dob,https://en.wikipedia.org/wiki/2026_FIFA_World_Cup_squads
France,Desire Doue,FW,2005-06-03,,unmatched,https://en.wikipedia.org/wiki/2026_FIFA_World_Cup_squads
France,Lucas Hernandez,DF,1996-02-14,P-03145,name+dob,https://en.wikipedia.org/wiki/2026_FIFA_World_Cup_squads
France,Jean-Philippe Mateta,FW,1997-06-28,,unmatched,https://en.wikipedia.org/wiki/2026_FIFA_World_Cup_squads
France,Robin Risser,GK,2004-12-02,,unmatched,https://en.wikipedia.org/wiki/2026_FIFA_World_Cup_squads
France,Rayan Cherki,MF,2003-08-17,,unmatched,https://en.wikipedia.org/wiki/2026_FIFA_World_Cup_squads
France,Maghnes Akliouche,MF,2002-02-25,,unmatched,https://en.wikipedia.org/wiki/2026_FIFA_World_Cup_squads
France,Maxence Lacroix,DF,2000-04-06,,unmatched,https://en.wikipedia.org/wiki/2026_FIFA_World_Cup_squads
Iraq,Fahad Talib,GK,1994-10-21,,unmatched,https://en.wikipedia.org/wiki/2026_FIFA_World_Cup_squads
Iraq,Rebin Sulaka,DF,1992-04-12,,unmatched,https://en.wikipedia.org/wiki/2026_FIFA_World_Cup_squads
Iraq,Hussein Ali,DF,2002-03-01,,unmatched,https://en.wikipedia.org/wiki/2026_FIFA_World_Cup_squads
Iraq,Zaid Tahseen,DF,2001-01-29,,unmatched,https://en.wikipedia.org/wiki/2026_FIFA_World_Cup_squads
Iraq,Akam Hashim,DF,1998-08-16,,unmatched,https://en.wikipedia.org/wiki/2026_FIFA_World_Cup_squads
Iraq,Manaf Younis,DF,1996-11-16,,unmatched,https://en.wikipedia.org/wiki/2026_FIFA_World_Cup_squads
Iraq,Youssef Amyn,MF,2003-08-21,,unmatched,https://en.wikipedia.org/wiki/2026_FIFA_World_Cup_squads
Iraq,Ibrahim Bayesh,MF,2000-05-01,,unmatched,https://en.wikipedia.org/wiki/2026_FIFA_World_Cup_squads
Iraq,Ali Hamadi,FW,2002-03-01,,unmatched,https://en.wikipedia.org/wiki/2026_FIFA_World_Cup_squads
Iraq,Mohanad Ali,FW,2000-06-20,,unmatched,https://en.wikipedia.org/wiki/2026_FIFA_World_Cup_squads
Iraq,Ahmed Qasem,FW,2003-07-12,,unmatched,https://en.wikipedia.org/wiki/2026_FIFA_World_Cup_squads
Iraq,Jalal Hassan,GK,1991-05-18,,unmatched,https://en.wikipedia.org/wiki/2026_FIFA_World_Cup_squads
Iraq,Ali Yousif,FW,1996-01-19,,unmatched,https://en.wikipedia.org/wiki/2026_FIFA_World_Cup_squads
Iraq,Zidane Iqbal,MF,2003-04-27,,unmatched,https://en.wikipedia.org/wiki/2026_FIFA_World_Cup_squads
Iraq,Ahmed Maknzi,DF,2001-09-24,,unmatched,https://en.wikipedia.org/wiki/2026_FIFA_World_Cup_squads
Iraq,Amir Ammari,MF,1997-07-27,,unmatched,https://en.wikipedia.org/wiki/2026_FIFA_World_Cup_squads
Iraq,Ali Jasim,FW,2004-01-20,,unmatched,https://en.wikipedia.org/wiki/2026_FIFA_World_Cup_squads
Iraq,Aymen Hussein,FW,1996-03-22,,unmatched,https://en.wikipedia.org/wiki/2026_FIFA_World_Cup_squads
Iraq,Kevin Yakob,MF,2000-10-10,,unmatched,https://en.wikipedia.org/wiki/2026_FIFA_World_Cup_squads
Iraq,Aimar Sher,MF,2002-12-20,,unmatched,https://en.wikipedia.org/wiki/2026_FIFA_World_Cup_squads
Iraq,Marko Farji,FW,2004-03-16,,unmatched,https://en.wikipedia.org/wiki/2026_FIFA_World_Cup_squads
Iraq,Ahmed Basil,GK,1996-08-19,,unmatched,https://en.wikipedia.org/wiki/2026_FIFA_World_Cup_squads
Iraq,Merchas Doski,DF,1999-12-07,,unmatched,https://en.wikipedia.org/wiki/2026_FIFA_World_Cup_squads
Iraq,Zaid Ismail,MF,2002-01-03,,unmatched,https://en.wikipedia.org/wiki/2026_FIFA_World_Cup_squads
Iraq,Mustafa Saadoon,DF,2001-05-25,,unmatched,https://en.wikipedia.org/wiki/2026_FIFA_World_Cup_squads
Iraq,Frans Putros,DF,1993-07-14,,unmatched,https://en.wikipedia.org/wiki/2026_FIFA_World_Cup_squads
Norway,Orjan Nyland,GK,1990-09-10,,unmatched,https://en.wikipedia.org/wiki/2026_FIFA_World_Cup_squads
Norway,Morten Thorsby,MF,1996-05-05,,unmatched,https://en.wikipedia.org/wiki/2026_FIFA_World_Cup_squads
Norway,Kristoffer Ajer,DF,1998-04-17,,unmatched,https://en.wikipedia.org/wiki/2026_FIFA_World_Cup_squads
Norway,Leo Ostigard,DF,1999-11-28,,unmatched,https://en.wikipedia.org/wiki/2026_FIFA_World_Cup_squads
Norway,David Moller Wolfe,DF,2002-04-23,,unmatched,https://en.wikipedia.org/wiki/2026_FIFA_World_Cup_squads
Norway,Patrick Berg,MF,1997-11-24,,unmatched,https://en.wikipedia.org/wiki/2026_FIFA_World_Cup_squads
Norway,Alexander Sorloth,FW,1995-12-05,,unmatched,https://en.wikipedia.org/wiki/2026_FIFA_World_Cup_squads
Norway,Sander Berge,MF,1998-02-14,,unmatched,https://en.wikipedia.org/wiki/2026_FIFA_World_Cup_squads
Norway,Erling Haaland,FW,2000-07-21,,unmatched,https://en.wikipedia.org/wiki/2026_FIFA_World_Cup_squads
Norway,Martin Odegaard,MF,1998-12-17,,unmatched,https://en.wikipedia.org/wiki/2026_FIFA_World_Cup_squads
Norway,Jorgen Strand Larsen,FW,2000-02-06,,unmatched,https://en.wikipedia.org/wiki/2026_FIFA_World_Cup_squads
Norway,Sander Tangvik,GK,2002-11-29,,unmatched,https://en.wikipedia.org/wiki/2026_FIFA_World_Cup_squads
Norway,Egil Selvik,GK,1997-07-30,,unmatched,https://en.wikipedia.org/wiki/2026_FIFA_World_Cup_squads
Norway,Fredrik Aursnes,MF,1995-12-10,,unmatched,https://en.wikipedia.org/wiki/2026_FIFA_World_Cup_squads
Norway,Fredrik Andre Bjorkan,DF,1998-08-21,,unmatched,https://en.wikipedia.org/wiki/2026_FIFA_World_Cup_squads
Norway,Marcus Holmgren Pedersen,DF,2000-07-16,,unmatched,https://en.wikipedia.org/wiki/2026_FIFA_World_Cup_squads
Norway,Torbjorn Heggem,DF,1999-01-12,,unmatched,https://en.wikipedia.org/wiki/2026_FIFA_World_Cup_squads
Norway,Kristian Thorstvedt,MF,1999-03-13,,unmatched,https://en.wikipedia.org/wiki/2026_FIFA_World_Cup_squads
Norway,Thelo Aasgaard,MF,2002-05-02,,unmatched,https://en.wikipedia.org/wiki/2026_FIFA_World_Cup_squads
Norway,Antonio Nusa,MF,2005-04-17,,unmatched,https://en.wikipedia.org/wiki/2026_FIFA_World_Cup_squads
Norway,Andreas Schjelderup,MF,2004-06-01,,unmatched,https://en.wikipedia.org/wiki/2026_FIFA_World_Cup_squads
Norway,Oscar Bobb,MF,2003-07-12,,unmatched,https://en.wikipedia.org/wiki/2026_FIFA_World_Cup_squads
Norway,Jens Petter Hauge,MF,1999-10-12,,unmatched,https://en.wikipedia.org/wiki/2026_FIFA_World_Cup_squads
Norway,Sondre Langas,DF,2001-02-02,,unmatched,https://en.wikipedia.org/wiki/2026_FIFA_World_Cup_squads
Norway,Henrik Falchener,DF,2003-05-08,,unmatched,https://en.wikipedia.org/wiki/2026_FIFA_World_Cup_squads
Norway,Julian Ryerson,DF,1997-11-17,,unmatched,https://en.wikipedia.org/wiki/2026_FIFA_World_Cup_squads
Senegal,Yehvann Diouf,GK,1999-11-16,,unmatched,https://en.wikipedia.org/wiki/2026_FIFA_World_Cup_squads
Senegal,Mamadou Sarr,DF,2005-08-29,,unmatched,https://en.wikipedia.org/wiki/2026_FIFA_World_Cup_squads
Senegal,Kalidou Koulibaly,DF,1991-06-20,P-01794,name+dob,https://en.wikipedia.org/wiki/2026_FIFA_World_Cup_squads
Senegal,Abdoulaye Seck,DF,1992-06-04,,unmatched,https://en.wikipedia.org/wiki/2026_FIFA_World_Cup_squads
Senegal,Idrissa Gueye,MF,1989-09-26,P-08907,name+dob,https://en.wikipedia.org/wiki/2026_FIFA_World_Cup_squads
Senegal,Pathe Ciss,MF,1994-03-16,P-00321,name+dob,https://en.wikipedia.org/wiki/2026_FIFA_World_Cup_squads
Senegal,Assane Diao,FW,2005-09-07,,unmatched,https://en.wikipedia.org/wiki/2026_FIFA_World_Cup_squads
Senegal,Lamine Camara,MF,2004-01-01,,unmatched,https://en.wikipedia.org/wiki/2026_FIFA_World_Cup_squads
Senegal,Bamba Dieng,FW,2000-03-23,P-03861,name+dob,https://en.wikipedia.org/wiki/2026_FIFA_World_Cup_squads
Senegal,Sadio Mane,FW,1992-04-10,P-04275,name+dob,https://en.wikipedia.org/wiki/2026_FIFA_World_Cup_squads
Senegal,Nicolas Jackson,FW,2001-06-20,P-08836,name+dob,https://en.wikipedia.org/wiki/2026_FIFA_World_Cup_squads
Senegal,Cherif Ndiaye,FW,1996-01-23,,unmatched,https://en.wikipedia.org/wiki/2026_FIFA_World_Cup_squads
Senegal,Iliman Ndiaye,FW,2000-03-06,P-07183,name+dob,https://en.wikipedia.org/wiki/2026_FIFA_World_Cup_squads
Senegal,Ismail Jakobs,DF,1999-08-17,P-05549,name+dob,https://en.wikipedia.org/wiki/2026_FIFA_World_Cup_squads
Senegal,Krepin Diatta,DF,1999-02-25,P-00765,name+dob,https://en.wikipedia.org/wiki/2026_FIFA_World_Cup_squads
Senegal,Edouard Mendy,GK,1992-03-01,P-01943,name+dob,https://en.wikipedia.org/wiki/2026_FIFA_World_Cup_squads
Senegal,Pape Matar Sarr,MF,2002-09-14,P-08181,name+dob,https://en.wikipedia.org/wiki/2026_FIFA_World_Cup_squads
Senegal,Ismaila Sarr,FW,1998-02-25,P-01170,name+dob,https://en.wikipedia.org/wiki/2026_FIFA_World_Cup_squads
Senegal,Moussa Niakhate,DF,1996-03-08,,unmatched,https://en.wikipedia.org/wiki/2026_FIFA_World_Cup_squads
Senegal,Ibrahim Mbaye,FW,2008-01-24,,unmatched,https://en.wikipedia.org/wiki/2026_FIFA_World_Cup_squads
Senegal,Habib Diarra,MF,2004-01-03,,unmatched,https://en.wikipedia.org/wiki/2026_FIFA_World_Cup_squads
Senegal,Bara Sapoko Ndiaye,MF,2007-12-31,,unmatched,https://en.wikipedia.org/wiki/2026_FIFA_World_Cup_squads
Senegal,Mory Diaw,GK,1993-06-22,,unmatched,https://en.wikipedia.org/wiki/2026_FIFA_World_Cup_squads
Senegal,Antoine Mendy,DF,2004-05-27,,unmatched,https://en.wikipedia.org/wiki/2026_FIFA_World_Cup_squads
Senegal,El Hadji Malick Diouf,DF,2004-12-29,,unmatched,https://en.wikipedia.org/wiki/2026_FIFA_World_Cup_squads
Senegal,Pape Gueye,MF,1999-01-24,P-05997,name+dob,https://en.wikipedia.org/wiki/2026_FIFA_World_Cup_squads
Algeria,Melvin Mastil,GK,2000-02-19,,unmatched,https://en.wikipedia.org/wiki/2026_FIFA_World_Cup_squads
Algeria,Aissa Mandi,DF,1991-10-22,P-01771,name+dob,https://en.wikipedia.org/wiki/2026_FIFA_World_Cup_squads
Algeria,Achref Abada,DF,1999-06-15,,unmatched,https://en.wikipedia.org/wiki/2026_FIFA_World_Cup_squads
Algeria,Mohamed Amine Tougai,DF,2000-01-22,,unmatched,https://en.wikipedia.org/wiki/2026_FIFA_World_Cup_squads
Algeria,Zineddine Belaid,DF,1999-03-20,,unmatched,https://en.wikipedia.org/wiki/2026_FIFA_World_Cup_squads
Algeria,Ramiz Zerrouki,MF,1998-05-26,,unmatched,https://en.wikipedia.org/wiki/2026_FIFA_World_Cup_squads
Algeria,Riyad Mahrez,FW,1991-02-21,P-08038,name+dob,https://en.wikipedia.org/wiki/2026_FIFA_World_Cup_squads
Algeria,Houssem Aouar,MF,1998-06-30,,unmatched,https://en.wikipedia.org/wiki/2026_FIFA_World_Cup_squads
Algeria,Amine Gouiri,FW,2000-02-16,,unmatched,https://en.wikipedia.org/wiki/2026_FIFA_World_Cup_squads
Algeria,Fares Chaibi,MF,2002-11-28,,unmatched,https://en.wikipedia.org/wiki/2026_FIFA_World_Cup_squads
Algeria,Anis Hadj Moussa,FW,2002-02-11,,unmatched,https://en.wikipedia.org/wiki/2026_FIFA_World_Cup_squads
Algeria,Nadhir Benbouali,FW,2000-04-17,,unmatched,https://en.wikipedia.org/wiki/2026_FIFA_World_Cup_squads
Algeria,Jaouen Hadjam,DF,2003-03-26,,unmatched,https://en.wikipedia.org/wiki/2026_FIFA_World_Cup_squads
Algeria,Hicham Boudaoui,MF,1999-09-23,,unmatched,https://en.wikipedia.org/wiki/2026_FIFA_World_Cup_squads
Algeria,Rayan Ait-Nouri,DF,2001-06-06,,unmatched,https://en.wikipedia.org/wiki/2026_FIFA_World_Cup_squads
Algeria,Oussama Benbot,GK,1994-10-11,,unmatched,https://en.wikipedia.org/wiki/2026_FIFA_World_Cup_squads
Algeria,Rafik Belghali,DF,2002-06-07,,unmatched,https://en.wikipedia.org/wiki/2026_FIFA_World_Cup_squads
Algeria,Mohamed Amoura,FW,2000-05-09,,unmatched,https://en.wikipedia.org/wiki/2026_FIFA_World_Cup_squads
Algeria,Nabil Bentaleb,MF,1994-11-24,P-05589,name+dob,https://en.wikipedia.org/wiki/2026_FIFA_World_Cup_squads
Algeria,Adil Boulbina,FW,2003-05-02,,unmatched,https://en.wikipedia.org/wiki/2026_FIFA_World_Cup_squads
Algeria,Ramy Bensebaini,DF,1995-04-16,,unmatched,https://en.wikipedia.org/wiki/2026_FIFA_World_Cup_squads
Algeria,Ibrahim Maza,MF,2005-11-24,,unmatched,https://en.wikipedia.org/wiki/2026_FIFA_World_Cup_squads
Algeria,Luca Zidane,GK,1998-05-13,,unmatched,https://en.wikipedia.org/wiki/2026_FIFA_World_Cup_squads
Algeria,Yacine Titraoui,MF,2003-07-26,,unmatched,https://en.wikipedia.org/wiki/2026_FIFA_World_Cup_squads
Algeria,Fares Ghedjemis,FW,2002-09-06,,unmatched,https://en.wikipedia.org/wiki/2026_FIFA_World_Cup_squads
Algeria,Samir Chergui,DF,1999-02-06,,unmatched,https://en.wikipedia.org/wiki/2026_FIFA_World_Cup_squads
Argentina,Juan Musso,GK,1994-05-06,,unmatched,https://en.wikipedia.org/wiki/2026_FIFA_World_Cup_squads
Argentina,Marcos Senesi,DF,1997-05-10,,unmatched,https://en.wikipedia.org/wiki/2026_FIFA_World_Cup_squads
Argentina,Nicolas Tagliafico,DF,1992-08-31,P-02432,name+dob,https://en.wikipedia.org/wiki/2026_FIFA_World_Cup_squads
Argentina,Gonzalo Montiel,DF,1997-01-01,P-03476,name+dob,https://en.wikipedia.org/wiki/2026_FIFA_World_Cup_squads
Argentina,Leandro Paredes,MF,1994-06-29,P-03419,name+dob,https://en.wikipedia.org/wiki/2026_FIFA_World_Cup_squads
Argentina,Lisandro Martinez,DF,1998-01-18,P-04340,name+dob,https://en.wikipedia.org/wiki/2026_FIFA_World_Cup_squads
Argentina,Rodrigo De Paul,MF,1994-05-24,P-00787,name+dob,https://en.wikipedia.org/wiki/2026_FIFA_World_Cup_squads
Argentina,Valentin Barco,MF,2004-07-23,,unmatched,https://en.wikipedia.org/wiki/2026_FIFA_World_Cup_squads
Argentina,Julian Alvarez,FW,2000-01-31,P-05731,name+dob,https://en.wikipedia.org/wiki/2026_FIFA_World_Cup_squads
Argentina,Lionel Messi,FW,1987-06-24,P-03429,name+dob,https://en.wikipedia.org/wiki/2026_FIFA_World_Cup_squads
Argentina,Giovani Lo Celso,MF,1996-04-09,P-07117,name+dob,https://en.wikipedia.org/wiki/2026_FIFA_World_Cup_squads
Argentina,Geronimo Rulli,GK,1992-05-20,P-00118,name+dob,https://en.wikipedia.org/wiki/2026_FIFA_World_Cup_squads
Argentina,Cristian Romero,DF,1998-04-27,P-00196,name+dob,https://en.wikipedia.org/wiki/2026_FIFA_World_Cup_squads
Argentina,Exequiel Palacios,MF,1998-10-05,P-00053,name+dob,https://en.wikipedia.org/wiki/2026_FIFA_World_Cup_squads
Argentina,Nicolas Gonzalez,MF,1998-04-06,,unmatched,https://en.wikipedia.org/wiki/2026_FIFA_World_Cup_squads
Argentina,Thiago Almada,FW,2001-04-26,P-00932,name+dob,https://en.wikipedia.org/wiki/2026_FIFA_World_Cup_squads
Argentina,Giuliano Simeone,FW,2002-12-18,,unmatched,https://en.wikipedia.org/wiki/2026_FIFA_World_Cup_squads
Argentina,Nico Paz,FW,2004-09-08,,unmatched,https://en.wikipedia.org/wiki/2026_FIFA_World_Cup_squads
Argentina,Nicolas Otamendi,DF,1988-02-12,P-02052,name+dob,https://en.wikipedia.org/wiki/2026_FIFA_World_Cup_squads
Argentina,Alexis Mac Allister,MF,1998-12-24,P-05229,name+dob,https://en.wikipedia.org/wiki/2026_FIFA_World_Cup_squads
Argentina,Jose Manuel Lopez,FW,2000-12-06,,unmatched,https://en.wikipedia.org/wiki/2026_FIFA_World_Cup_squads
Argentina,Lautaro Martinez,FW,1997-08-22,P-02728,name+dob,https://en.wikipedia.org/wiki/2026_FIFA_World_Cup_squads
Argentina,Emiliano Martinez,GK,1992-09-02,P-09487,name+dob,https://en.wikipedia.org/wiki/2026_FIFA_World_Cup_squads
Argentina,Enzo Fernandez,MF,2001-01-17,P-07584,name+dob,https://en.wikipedia.org/wiki/2026_FIFA_World_Cup_squads
Argentina,Facundo Medina,DF,1999-05-28,,unmatched,https://en.wikipedia.org/wiki/2026_FIFA_World_Cup_squads
Argentina,Nahuel Molina,DF,1998-04-06,P-06386,name+dob,https://en.wikipedia.org/wiki/2026_FIFA_World_Cup_squads
Austria,Alexander Schlager,GK,1996-02-01,,unmatched,https://en.wikipedia.org/wiki/2026_FIFA_World_Cup_squads
Austria,David Affengruber,DF,2001-03-19,,unmatched,https://en.wikipedia.org/wiki/2026_FIFA_World_Cup_squads
Austria,Kevin Danso,DF,1998-09-19,,unmatched,https://en.wikipedia.org/wiki/2026_FIFA_World_Cup_squads
Austria,Xaver Schlager,MF,1997-09-28,,unmatched,https://en.wikipedia.org/wiki/2026_FIFA_World_Cup_squads
Austria,Stefan Posch,DF,1997-05-14,,unmatched,https://en.wikipedia.org/wiki/2026_FIFA_World_Cup_squads
Austria,Nicolas Seiwald,MF,2001-05-04,,unmatched,https://en.wikipedia.org/wiki/2026_FIFA_World_Cup_squads
Austria,Marko Arnautovic,FW,1989-04-19,,unmatched,https://en.wikipedia.org/wiki/2026_FIFA_World_Cup_squads
Austria,David Alaba,DF,1992-06-24,,unmatched,https://en.wikipedia.org/wiki/2026_FIFA_World_Cup_squads
Austria,Marcel Sabitzer,MF,1994-03-17,,unmatched,https://en.wikipedia.org/wiki/2026_FIFA_World_Cup_squads
Austria,Florian Grillitsch,MF,1995-08-07,,unmatched,https://en.wikipedia.org/wiki/2026_FIFA_World_Cup_squads
Austria,Michael Gregoritsch,FW,1994-04-18,,unmatched,https://en.wikipedia.org/wiki/2026_FIFA_World_Cup_squads
Austria,Florian Wiegele,GK,2001-03-21,,unmatched,https://en.wikipedia.org/wiki/2026_FIFA_World_Cup_squads
Austria,Patrick Pentz,GK,1997-01-02,,unmatched,https://en.wikipedia.org/wiki/2026_FIFA_World_Cup_squads
Austria,Sasa Kalajdzic,FW,1997-07-07,,unmatched,https://en.wikipedia.org/wiki/2026_FIFA_World_Cup_squads
Austria,Philipp Lienhart,DF,1996-07-11,,unmatched,https://en.wikipedia.org/wiki/2026_FIFA_World_Cup_squads
Austria,Phillipp Mwene,DF,1994-01-29,,unmatched,https://en.wikipedia.org/wiki/2026_FIFA_World_Cup_squads
Austria,Carney Chukwuemeka,MF,2003-10-20,,unmatched,https://en.wikipedia.org/wiki/2026_FIFA_World_Cup_squads
Austria,Romano Schmid,MF,2000-01-27,,unmatched,https://en.wikipedia.org/wiki/2026_FIFA_World_Cup_squads
Austria,Dejan Ljubicic,MF,1997-10-08,,unmatched,https://en.wikipedia.org/wiki/2026_FIFA_World_Cup_squads
Austria,Konrad Laimer,MF,1997-05-27,,unmatched,https://en.wikipedia.org/wiki/2026_FIFA_World_Cup_squads
Austria,Patrick Wimmer,FW,2001-05-30,,unmatched,https://en.wikipedia.org/wiki/2026_FIFA_World_Cup_squads
Austria,Alexander Prass,MF,2001-05-26,,unmatched,https://en.wikipedia.org/wiki/2026_FIFA_World_Cup_squads
Austria,Marco Friedl,DF,1998-03-16,,unmatched,https://en.wikipedia.org/wiki/2026_FIFA_World_Cup_squads
Austria,Paul Wanner,MF,2005-12-23,,unmatched,https://en.wikipedia.org/wiki/2026_FIFA_World_Cup_squads
Austria,Michael Svoboda,DF,1998-10-15,,unmatched,https://en.wikipedia.org/wiki/2026_FIFA_World_Cup_squads
Austria,Alessandro Schopf,MF,1994-02-07,,unmatched,https://en.wikipedia.org/wiki/2026_FIFA_World_Cup_squads
Jordan,Yazeed Abulaila,GK,1993-01-08,,unmatched,https://en.wikipedia.org/wiki/2026_FIFA_World_Cup_squads
Jordan,Mohammad Abu Hashish,DF,1995-05-09,,unmatched,https://en.wikipedia.org/wiki/2026_FIFA_World_Cup_squads
Jordan,Abdallah Nasib,DF,1994-02-25,,unmatched,https://en.wikipedia.org/wiki/2026_FIFA_World_Cup_squads
Jordan,Husam Abu Dahab,DF,2000-05-13,,unmatched,https://en.wikipedia.org/wiki/2026_FIFA_World_Cup_squads
Jordan,Yazan Arab,DF,1996-01-31,,unmatched,https://en.wikipedia.org/wiki/2026_FIFA_World_Cup_squads
Jordan,Amer Jamous,MF,2002-07-03,,unmatched,https://en.wikipedia.org/wiki/2026_FIFA_World_Cup_squads
Jordan,Mohammad Abu Zrayq,FW,1997-12-30,,unmatched,https://en.wikipedia.org/wiki/2026_FIFA_World_Cup_squads
Jordan,Noor Rawabdeh,MF,1997-02-24,,unmatched,https://en.wikipedia.org/wiki/2026_FIFA_World_Cup_squads
Jordan,Ali Olwan,FW,2000-03-26,,unmatched,https://en.wikipedia.org/wiki/2026_FIFA_World_Cup_squads
Jordan,Musa Taamari,FW,1997-06-10,,unmatched,https://en.wikipedia.org/wiki/2026_FIFA_World_Cup_squads
Jordan,Odeh Fakhouri,FW,2005-11-22,,unmatched,https://en.wikipedia.org/wiki/2026_FIFA_World_Cup_squads
Jordan,Nour Bani Attiah,GK,1993-01-25,,unmatched,https://en.wikipedia.org/wiki/2026_FIFA_World_Cup_squads
Jordan,Mahmoud Mardi,FW,1993-10-06,,unmatched,https://en.wikipedia.org/wiki/2026_FIFA_World_Cup_squads
Jordan,Rajaei Ayed,MF,1993-07-25,,unmatched,https://en.wikipedia.org/wiki/2026_FIFA_World_Cup_squads
Jordan,Ibrahim Sadeh,MF,2000-04-27,,unmatched,https://en.wikipedia.org/wiki/2026_FIFA_World_Cup_squads
Jordan,Mo Abualnadi,DF,2001-02-08,,unmatched,https://en.wikipedia.org/wiki/2026_FIFA_World_Cup_squads
Jordan,Salim Obaid,DF,1992-01-17,,unmatched,https://en.wikipedia.org/wiki/2026_FIFA_World_Cup_squads
Jordan,Mohammad Taha,MF,2005-07-13,,unmatched,https://en.wikipedia.org/wiki/2026_FIFA_World_Cup_squads
Jordan,Saed Rosan,DF,1997-02-01,,unmatched,https://en.wikipedia.org/wiki/2026_FIFA_World_Cup_squads
Jordan,Mohannad Abu Taha,MF,2003-02-02,,unmatched,https://en.wikipedia.org/wiki/2026_FIFA_World_Cup_squads
Jordan,Nizar Rashdan,MF,1999-03-23,,unmatched,https://en.wikipedia.org/wiki/2026_FIFA_World_Cup_squads
Jordan,Abdallah Fakhouri,GK,2000-01-22,,unmatched,https://en.wikipedia.org/wiki/2026_FIFA_World_Cup_squads
Jordan,Ihsan Haddad,DF,1994-02-05,,unmatched,https://en.wikipedia.org/wiki/2026_FIFA_World_Cup_squads
Jordan,Ali Azaizeh,FW,2004-04-13,,unmatched,https://en.wikipedia.org/wiki/2026_FIFA_World_Cup_squads
Jordan,Mohammad Dawoud,MF,1992-04-12,,unmatched,https://en.wikipedia.org/wiki/2026_FIFA_World_Cup_squads
Jordan,Anas Badawi,DF,1997-09-13,,unmatched,https://en.wikipedia.org/wiki/2026_FIFA_World_Cup_squads
Colombia,David Ospina,GK,1988-08-31,P-04800,name+dob,https://en.wikipedia.org/wiki/2026_FIFA_World_Cup_squads
Colombia,Daniel Munoz,DF,1996-05-26,,unmatched,https://en.wikipedia.org/wiki/2026_FIFA_World_Cup_squads
Colombia,Jhon Lucumi,DF,1998-06-26,,unmatched,https://en.wikipedia.org/wiki/2026_FIFA_World_Cup_squads
Colombia,Santiago Arias,DF,1992-01-13,P-09536,name+dob,https://en.wikipedia.org/wiki/2026_FIFA_World_Cup_squads
Colombia,Kevin Castano,MF,2000-09-29,,unmatched,https://en.wikipedia.org/wiki/2026_FIFA_World_Cup_squads
Colombia,Richard Rios,MF,2000-06-02,,unmatched,https://en.wikipedia.org/wiki/2026_FIFA_World_Cup_squads
Colombia,Luis Diaz,FW,1997-01-13,,unmatched,https://en.wikipedia.org/wiki/2026_FIFA_World_Cup_squads
Colombia,Jorge Carrascal,MF,1998-05-25,,unmatched,https://en.wikipedia.org/wiki/2026_FIFA_World_Cup_squads
Colombia,Jhon Cordoba,FW,1993-05-11,,unmatched,https://en.wikipedia.org/wiki/2026_FIFA_World_Cup_squads
Colombia,James Rodriguez,MF,1991-07-12,P-03168,name+dob,https://en.wikipedia.org/wiki/2026_FIFA_World_Cup_squads
Colombia,Jhon Arias,MF,1997-09-21,,unmatched,https://en.wikipedia.org/wiki/2026_FIFA_World_Cup_squads
Colombia,Camilo Vargas,GK,1989-03-09,P-02076,name+dob,https://en.wikipedia.org/wiki/2026_FIFA_World_Cup_squads
Colombia,Yerry Mina,DF,1994-09-23,P-08447,name+dob,https://en.wikipedia.org/wiki/2026_FIFA_World_Cup_squads
Colombia,Gustavo Puerta,DF,2003-07-23,,unmatched,https://en.wikipedia.org/wiki/2026_FIFA_World_Cup_squads
Colombia,Juan Portilla,MF,1998-09-12,,unmatched,https://en.wikipedia.org/wiki/2026_FIFA_World_Cup_squads
Colombia,Jefferson Lerma,MF,1994-10-25,P-09089,name+dob,https://en.wikipedia.org/wiki/2026_FIFA_World_Cup_squads
Colombia,Johan Mojica,DF,1992-08-21,P-05612,name+dob,https://en.wikipedia.org/wiki/2026_FIFA_World_Cup_squads
Colombia,Willer Ditta,DF,1998-01-23,,unmatched,https://en.wikipedia.org/wiki/2026_FIFA_World_Cup_squads
Colombia,Cucho Hernandez,FW,1999-04-20,,unmatched,https://en.wikipedia.org/wiki/2026_FIFA_World_Cup_squads
Colombia,Juan Fernando Quintero,MF,1993-01-18,P-09716,name+dob,https://en.wikipedia.org/wiki/2026_FIFA_World_Cup_squads
Colombia,Jaminton Campaz,FW,2000-05-24,,unmatched,https://en.wikipedia.org/wiki/2026_FIFA_World_Cup_squads
Colombia,Deiver Machado,DF,1993-09-02,,unmatched,https://en.wikipedia.org/wiki/2026_FIFA_World_Cup_squads
Colombia,Davinson Sanchez,DF,1996-06-12,P-06505,name+dob,https://en.wikipedia.org/wiki/2026_FIFA_World_Cup_squads
Colombia,Alvaro Montero,GK,1995-03-29,,unmatched,https://en.wikipedia.org/wiki/2026_FIFA_World_Cup_squads
Colombia,Luis Suarez,FW,1997-12-02,P-01740,name-ambiguous,https://en.wikipedia.org/wiki/2026_FIFA_World_Cup_squads
Colombia,Andres Gomez,FW,2002-09-12,,unmatched,https://en.wikipedia.org/wiki/2026_FIFA_World_Cup_squads
DR Congo,Lionel Mpasi,GK,1994-08-01,,unmatched,https://en.wikipedia.org/wiki/2026_FIFA_World_Cup_squads
DR Congo,Aaron Wan-Bissaka,DF,1997-11-26,,unmatched,https://en.wikipedia.org/wiki/2026_FIFA_World_Cup_squads
DR Congo,Steve Kapuadi,DF,1998-04-30,,unmatched,https://en.wikipedia.org/wiki/2026_FIFA_World_Cup_squads
DR Congo,Axel Tuanzebe,DF,1997-11-14,,unmatched,https://en.wikipedia.org/wiki/2026_FIFA_World_Cup_squads
DR Congo,Dylan Batubinsika,DF,1996-02-15,,unmatched,https://en.wikipedia.org/wiki/2026_FIFA_World_Cup_squads
DR Congo,Ngalayel Mukau,MF,2004-11-03,,unmatched,https://en.wikipedia.org/wiki/2026_FIFA_World_Cup_squads
DR Congo,Nathanael Mbuku,MF,2002-03-16,,unmatched,https://en.wikipedia.org/wiki/2026_FIFA_World_Cup_squads
DR Congo,Samuel Moutoussamy,MF,1996-08-12,,unmatched,https://en.wikipedia.org/wiki/2026_FIFA_World_Cup_squads
DR Congo,Brian Cipenga,FW,1998-03-11,,unmatched,https://en.wikipedia.org/wiki/2026_FIFA_World_Cup_squads
DR Congo,Theo Bongonda,MF,1995-11-20,,unmatched,https://en.wikipedia.org/wiki/2026_FIFA_World_Cup_squads
DR Congo,Gael Kakuta,FW,1991-06-21,,unmatched,https://en.wikipedia.org/wiki/2026_FIFA_World_Cup_squads
DR Congo,Joris Kayembe,DF,1994-08-08,,unmatched,https://en.wikipedia.org/wiki/2026_FIFA_World_Cup_squads
DR Congo,Meschak Elia,FW,1997-08-06,,unmatched,https://en.wikipedia.org/wiki/2026_FIFA_World_Cup_squads
DR Congo,Noah Sadiki,MF,2004-12-17,,unmatched,https://en.wikipedia.org/wiki/2026_FIFA_World_Cup_squads
DR Congo,Aaron Tshibola,MF,1995-01-02,,unmatched,https://en.wikipedia.org/wiki/2026_FIFA_World_Cup_squads
DR Congo,Timothy Fayulu,GK,1999-07-24,,unmatched,https://en.wikipedia.org/wiki/2026_FIFA_World_Cup_squads
DR Congo,Cedric Bakambu,FW,1991-04-11,,unmatched,https://en.wikipedia.org/wiki/2026_FIFA_World_Cup_squads
DR Congo,Charles Pickel,MF,1997-05-15,,unmatched,https://en.wikipedia.org/wiki/2026_FIFA_World_Cup_squads
DR Congo,Fiston Mayele,FW,1994-06-24,,unmatched,https://en.wikipedia.org/wiki/2026_FIFA_World_Cup_squads
DR Congo,Yoane Wissa,FW,1996-09-03,,unmatched,https://en.wikipedia.org/wiki/2026_FIFA_World_Cup_squads
DR Congo,Matthieu Epolo,GK,2005-01-15,,unmatched,https://en.wikipedia.org/wiki/2026_FIFA_World_Cup_squads
DR Congo,Chancel Mbemba,DF,1994-08-08,,unmatched,https://en.wikipedia.org/wiki/2026_FIFA_World_Cup_squads
DR Congo,Simon Banza,FW,1996-08-13,,unmatched,https://en.wikipedia.org/wiki/2026_FIFA_World_Cup_squads
DR Congo,Gedeon Kalulu,DF,1997-08-29,,unmatched,https://en.wikipedia.org/wiki/2026_FIFA_World_Cup_squads
DR Congo,Edo Kayembe,MF,1998-06-03,,unmatched,https://en.wikipedia.org/wiki/2026_FIFA_World_Cup_squads
DR Congo,Arthur Masuaku,DF,1993-11-07,,unmatched,https://en.wikipedia.org/wiki/2026_FIFA_World_Cup_squads
Portugal,Diogo Costa,GK,1999-09-19,P-01102,name+dob,https://en.wikipedia.org/wiki/2026_FIFA_World_Cup_squads
Portugal,Nelson Semedo,DF,1993-11-16,,unmatched,https://en.wikipedia.org/wiki/2026_FIFA_World_Cup_squads
Portugal,Ruben Dias,DF,1997-05-14,P-03181,name+dob,https://en.wikipedia.org/wiki/2026_FIFA_World_Cup_squads
Portugal,Tomas Araujo,DF,2002-05-16,,unmatched,https://en.wikipedia.org/wiki/2026_FIFA_World_Cup_squads
Portugal,Diogo Dalot,DF,1999-03-18,P-04176,name+dob,https://en.wikipedia.org/wiki/2026_FIFA_World_Cup_squads
Portugal,Matheus Nunes,MF,1998-08-27,P-06697,name+dob,https://en.wikipedia.org/wiki/2026_FIFA_World_Cup_squads
Portugal,Cristiano Ronaldo,FW,1985-02-05,P-03142,name+dob,https://en.wikipedia.org/wiki/2026_FIFA_World_Cup_squads
Portugal,Bruno Fernandes,MF,1994-09-08,P-01172,name+dob,https://en.wikipedia.org/wiki/2026_FIFA_World_Cup_squads
Portugal,Goncalo Ramos,FW,2001-06-20,P-07574,name+dob,https://en.wikipedia.org/wiki/2026_FIFA_World_Cup_squads
Portugal,Bernardo Silva,MF,1994-08-10,P-00524,name+dob,https://en.wikipedia.org/wiki/2026_FIFA_World_Cup_squads
Portugal,Joao Felix,FW,1999-11-10,P-04624,name+dob,https://en.wikipedia.org/wiki/2026_FIFA_World_Cup_squads
Portugal,Jose Sa,GK,1993-01-17,P-04983,name+dob,https://en.wikipedia.org/wiki/2026_FIFA_World_Cup_squads
Portugal,Renato Veiga,DF,2003-07-29,,unmatched,https://en.wikipedia.org/wiki/2026_FIFA_World_Cup_squads
Portugal,Goncalo Inacio,DF,2001-08-25,,unmatched,https://en.wikipedia.org/wiki/2026_FIFA_World_Cup_squads
Portugal,Joao Neves,MF,2004-09-27,,unmatched,https://en.wikipedia.org/wiki/2026_FIFA_World_Cup_squads
Portugal,Francisco Trincao,FW,1999-12-29,,unmatched,https://en.wikipedia.org/wiki/2026_FIFA_World_Cup_squads
Portugal,Rafael Leao,FW,1999-06-10,P-07222,name+dob,https://en.wikipedia.org/wiki/2026_FIFA_World_Cup_squads
Portugal,Pedro Neto,FW,2000-03-09,,unmatched,https://en.wikipedia.org/wiki/2026_FIFA_World_Cup_squads
Portugal,Goncalo Guedes,FW,1996-11-29,P-09958,name+dob,https://en.wikipedia.org/wiki/2026_FIFA_World_Cup_squads
Portugal,Joao Cancelo,DF,1994-05-27,P-09812,name+dob,https://en.wikipedia.org/wiki/2026_FIFA_World_Cup_squads
Portugal,Ruben Neves,MF,1997-03-13,P-00205,name+dob,https://en.wikipedia.org/wiki/2026_FIFA_World_Cup_squads
Portugal,Rui Silva,GK,1994-02-07,,unmatched,https://en.wikipedia.org/wiki/2026_FIFA_World_Cup_squads
Portugal,Vitinha,MF,2000-02-13,,unmatched,https://en.wikipedia.org/wiki/2026_FIFA_World_Cup_squads
Portugal,Samu Costa,DF,2000-11-27,,unmatched,https://en.wikipedia.org/wiki/2026_FIFA_World_Cup_squads
Portugal,Nuno Mendes,DF,2002-06-19,P-05283,name+dob,https://en.wikipedia.org/wiki/2026_FIFA_World_Cup_squads
Portugal,Francisco Conceicao,FW,2002-12-14,,unmatched,https://en.wikipedia.org/wiki/2026_FIFA_World_Cup_squads
Uzbekistan,Utkir Yusupov,GK,1991-01-04,,unmatched,https://en.wikipedia.org/wiki/2026_FIFA_World_Cup_squads
Uzbekistan,Abdukodir Khusanov,DF,2004-02-29,,unmatched,https://en.wikipedia.org/wiki/2026_FIFA_World_Cup_squads
Uzbekistan,Khojiakbar Alijonov,DF,1997-04-19,,unmatched,https://en.wikipedia.org/wiki/2026_FIFA_World_Cup_squads
Uzbekistan,Farrukh Sayfiev,DF,1991-01-17,,unmatched,https://en.wikipedia.org/wiki/2026_FIFA_World_Cup_squads
Uzbekistan,Rustam Ashurmatov,DF,1996-07-07,,unmatched,https://en.wikipedia.org/wiki/2026_FIFA_World_Cup_squads
Uzbekistan,Akmal Mozgovoy,MF,1999-04-02,,unmatched,https://en.wikipedia.org/wiki/2026_FIFA_World_Cup_squads
Uzbekistan,Otabek Shukurov,MF,1996-06-22,,unmatched,https://en.wikipedia.org/wiki/2026_FIFA_World_Cup_squads
Uzbekistan,Jamshid Iskanderov,MF,1993-10-16,,unmatched,https://en.wikipedia.org/wiki/2026_FIFA_World_Cup_squads
Uzbekistan,Odiljon Hamrobekov,MF,1996-02-13,,unmatched,https://en.wikipedia.org/wiki/2026_FIFA_World_Cup_squads
Uzbekistan,Jaloliddin Masharipov,MF,1993-09-01,,unmatched,https://en.wikipedia.org/wiki/2026_FIFA_World_Cup_squads
Uzbekistan,Oston Urunov,MF,2000-12-19,,unmatched,https://en.wikipedia.org/wiki/2026_FIFA_World_Cup_squads
Uzbekistan,Abduvohid Nematov,GK,2001-03-20,,unmatched,https://en.wikipedia.org/wiki/2026_FIFA_World_Cup_squads
Uzbekistan,Sherzod Nasrullaev,DF,1998-07-23,,unmatched,https://en.wikipedia.org/wiki/2026_FIFA_World_Cup_squads
Uzbekistan,Eldor Shomurodov,FW,1995-06-29,,unmatched,https://en.wikipedia.org/wiki/2026_FIFA_World_Cup_squads
Uzbekistan,Umar Eshmurodov,DF,1992-11-30,,unmatched,https://en.wikipedia.org/wiki/2026_FIFA_World_Cup_squads
Uzbekistan,Botirali Ergashev,GK,1995-06-23,,unmatched,https://en.wikipedia.org/wiki/2026_FIFA_World_Cup_squads
Uzbekistan,Dostonbek Khamdamov,MF,1996-07-24,,unmatched,https://en.wikipedia.org/wiki/2026_FIFA_World_Cup_squads
Uzbekistan,Abdulla Abdullaev,DF,1997-09-01,,unmatched,https://en.wikipedia.org/wiki/2026_FIFA_World_Cup_squads
Uzbekistan,Azizjon Ganiev,MF,1998-02-22,,unmatched,https://en.wikipedia.org/wiki/2026_FIFA_World_Cup_squads
Uzbekistan,Azizbek Amonov,FW,1997-10-30,,unmatched,https://en.wikipedia.org/wiki/2026_FIFA_World_Cup_squads
Uzbekistan,Igor Sergeev,FW,1993-04-30,,unmatched,https://en.wikipedia.org/wiki/2026_FIFA_World_Cup_squads
Uzbekistan,Abbosbek Fayzullaev,MF,2003-10-03,,unmatched,https://en.wikipedia.org/wiki/2026_FIFA_World_Cup_squads
Uzbekistan,Sherzod Esanov,MF,2003-02-01,,unmatched,https://en.wikipedia.org/wiki/2026_FIFA_World_Cup_squads
Uzbekistan,Bekhruz Karimov,DF,2007-08-07,,unmatched,https://en.wikipedia.org/wiki/2026_FIFA_World_Cup_squads
Uzbekistan,Avazbek Ulmasaliev,DF,2000-03-27,,unmatched,https://en.wikipedia.org/wiki/2026_FIFA_World_Cup_squads
Uzbekistan,Jakhongir Urozov,DF,2004-01-18,,unmatched,https://en.wikipedia.org/wiki/2026_FIFA_World_Cup_squads
Croatia,Dominik Livakovic,GK,1995-01-09,P-01638,name+dob,https://en.wikipedia.org/wiki/2026_FIFA_World_Cup_squads
Croatia,Josip Stanisic,DF,2000-04-02,P-04608,name+dob,https://en.wikipedia.org/wiki/2026_FIFA_World_Cup_squads
Croatia,Marin Pongracic,DF,1997-09-11,,unmatched,https://en.wikipedia.org/wiki/2026_FIFA_World_Cup_squads
Croatia,Josko Gvardiol,DF,2002-01-23,P-08042,name+dob,https://en.wikipedia.org/wiki/2026_FIFA_World_Cup_squads
Croatia,Duje Caleta-Car,DF,1996-09-17,P-08171,name+dob,https://en.wikipedia.org/wiki/2026_FIFA_World_Cup_squads
Croatia,Josip Sutalo,DF,2000-02-28,P-09779,name+dob,https://en.wikipedia.org/wiki/2026_FIFA_World_Cup_squads
Croatia,Nikola Moro,MF,1998-03-12,,unmatched,https://en.wikipedia.org/wiki/2026_FIFA_World_Cup_squads
Croatia,Mateo Kovacic,MF,1994-05-06,P-06332,name+dob,https://en.wikipedia.org/wiki/2026_FIFA_World_Cup_squads
Croatia,Andrej Kramaric,FW,1991-06-19,P-03515,name+dob,https://en.wikipedia.org/wiki/2026_FIFA_World_Cup_squads
Croatia,Luka Modric,MF,1985-09-09,P-02212,name+dob,https://en.wikipedia.org/wiki/2026_FIFA_World_Cup_squads
Croatia,Ante Budimir,FW,1991-07-22,P-06378,name+dob,https://en.wikipedia.org/wiki/2026_FIFA_World_Cup_squads
Croatia,Ivor Pandur,GK,2000-03-25,,unmatched,https://en.wikipedia.org/wiki/2026_FIFA_World_Cup_squads
Croatia,Nikola Vlasic,MF,1997-10-04,P-09399,name+dob,https://en.wikipedia.org/wiki/2026_FIFA_World_Cup_squads
Croatia,Ivan Perisic,FW,1989-02-02,P-09296,name+dob,https://en.wikipedia.org/wiki/2026_FIFA_World_Cup_squads
Croatia,Mario Pasalic,MF,1995-02-09,P-01474,name+dob,https://en.wikipedia.org/wiki/2026_FIFA_World_Cup_squads
Croatia,Martin Baturina,MF,2003-02-16,,unmatched,https://en.wikipedia.org/wiki/2026_FIFA_World_Cup_squads
Croatia,Petar Sucic,MF,2003-10-25,,unmatched,https://en.wikipedia.org/wiki/2026_FIFA_World_Cup_squads
Croatia,Kristijan Jakic,DF,1997-05-14,P-05440,name+dob,https://en.wikipedia.org/wiki/2026_FIFA_World_Cup_squads
Croatia,Toni Fruk,MF,2001-03-09,,unmatched,https://en.wikipedia.org/wiki/2026_FIFA_World_Cup_squads
Croatia,Igor Matanovic,FW,2003-03-31,,unmatched,https://en.wikipedia.org/wiki/2026_FIFA_World_Cup_squads
Croatia,Luka Sucic,MF,2002-09-08,P-07930,name+dob,https://en.wikipedia.org/wiki/2026_FIFA_World_Cup_squads
Croatia,Luka Vuskovic,DF,2007-02-24,,unmatched,https://en.wikipedia.org/wiki/2026_FIFA_World_Cup_squads
Croatia,Dominik Kotarski,GK,2000-02-10,,unmatched,https://en.wikipedia.org/wiki/2026_FIFA_World_Cup_squads
Croatia,Marco Pasalic,FW,2000-09-14,,unmatched,https://en.wikipedia.org/wiki/2026_FIFA_World_Cup_squads
Croatia,Martin Erlic,DF,1998-01-24,P-04141,name+dob,https://en.wikipedia.org/wiki/2026_FIFA_World_Cup_squads
Croatia,Petar Musa,FW,1998-03-04,,unmatched,https://en.wikipedia.org/wiki/2026_FIFA_World_Cup_squads
England,Jordan Pickford,GK,1994-03-07,P-02343,name+dob,https://en.wikipedia.org/wiki/2026_FIFA_World_Cup_squads
England,Ezri Konsa,DF,1997-10-23,,unmatched,https://en.wikipedia.org/wiki/2026_FIFA_World_Cup_squads
England,Nico OReilly,DF,2005-03-21,,unmatched,https://en.wikipedia.org/wiki/2026_FIFA_World_Cup_squads
England,Declan Rice,MF,1999-01-14,P-01174,name+dob,https://en.wikipedia.org/wiki/2026_FIFA_World_Cup_squads
England,John Stones,DF,1994-05-28,P-07881,name+dob,https://en.wikipedia.org/wiki/2026_FIFA_World_Cup_squads
England,Marc Guehi,DF,2000-07-13,,unmatched,https://en.wikipedia.org/wiki/2026_FIFA_World_Cup_squads
England,Bukayo Saka,FW,2001-09-05,P-07251,name+dob,https://en.wikipedia.org/wiki/2026_FIFA_World_Cup_squads
England,Elliot Anderson,MF,2002-11-06,,unmatched,https://en.wikipedia.org/wiki/2026_FIFA_World_Cup_squads
England,Harry Kane,FW,1993-07-28,P-00376,name+dob,https://en.wikipedia.org/wiki/2026_FIFA_World_Cup_squads
England,Jude Bellingham,MF,2003-06-29,P-02527,name+dob,https://en.wikipedia.org/wiki/2026_FIFA_World_Cup_squads
England,Marcus Rashford,FW,1997-10-31,P-02742,name+dob,https://en.wikipedia.org/wiki/2026_FIFA_World_Cup_squads
England,Tino Livramento,DF,2002-11-12,,unmatched,https://en.wikipedia.org/wiki/2026_FIFA_World_Cup_squads
England,Dean Henderson,GK,1997-03-12,,unmatched,https://en.wikipedia.org/wiki/2026_FIFA_World_Cup_squads
England,Jordan Henderson,MF,1990-06-17,P-03347,name+dob,https://en.wikipedia.org/wiki/2026_FIFA_World_Cup_squads
England,Dan Burn,DF,1992-05-09,,unmatched,https://en.wikipedia.org/wiki/2026_FIFA_World_Cup_squads
England,Kobbie Mainoo,MF,2005-04-19,,unmatched,https://en.wikipedia.org/wiki/2026_FIFA_World_Cup_squads
England,Morgan Rogers,MF,2002-07-26,,unmatched,https://en.wikipedia.org/wiki/2026_FIFA_World_Cup_squads
England,Anthony Gordon,FW,2001-02-24,,unmatched,https://en.wikipedia.org/wiki/2026_FIFA_World_Cup_squads
England,Ollie Watkins,FW,1995-12-30,,unmatched,https://en.wikipedia.org/wiki/2026_FIFA_World_Cup_squads
England,Noni Madueke,FW,2002-03-10,,unmatched,https://en.wikipedia.org/wiki/2026_FIFA_World_Cup_squads
England,Eberechi Eze,MF,1998-06-29,,unmatched,https://en.wikipedia.org/wiki/2026_FIFA_World_Cup_squads
England,Ivan Toney,FW,1996-03-16,,unmatched,https://en.wikipedia.org/wiki/2026_FIFA_World_Cup_squads
England,James Trafford,GK,2002-10-10,,unmatched,https://en.wikipedia.org/wiki/2026_FIFA_World_Cup_squads
England,Reece James,DF,1999-12-08,,unmatched,https://en.wikipedia.org/wiki/2026_FIFA_World_Cup_squads
England,Djed Spence,DF,2000-08-09,,unmatched,https://en.wikipedia.org/wiki/2026_FIFA_World_Cup_squads
England,Jarell Quansah,DF,2003-01-29,,unmatched,https://en.wikipedia.org/wiki/2026_FIFA_World_Cup_squads
Ghana,Lawrence Ati-Zigi,GK,1996-11-29,P-02092,name+dob,https://en.wikipedia.org/wiki/2026_FIFA_World_Cup_squads
Ghana,Alidu Seidu,DF,2000-06-04,P-09153,name+dob,https://en.wikipedia.org/wiki/2026_FIFA_World_Cup_squads
Ghana,Caleb Yirenkyi,MF,2006-01-15,,unmatched,https://en.wikipedia.org/wiki/2026_FIFA_World_Cup_squads
Ghana,Jonas Adjetey,DF,2003-12-13,,unmatched,https://en.wikipedia.org/wiki/2026_FIFA_World_Cup_squads
Ghana,Thomas Partey,MF,1993-06-13,P-08595,name+dob,https://en.wikipedia.org/wiki/2026_FIFA_World_Cup_squads
Ghana,Abdul Mumin,DF,1998-06-06,,unmatched,https://en.wikipedia.org/wiki/2026_FIFA_World_Cup_squads
Ghana,Abdul Fatawu,FW,2004-03-08,,unmatched,https://en.wikipedia.org/wiki/2026_FIFA_World_Cup_squads
Ghana,Kwasi Sibo,MF,1998-06-24,,unmatched,https://en.wikipedia.org/wiki/2026_FIFA_World_Cup_squads
Ghana,Jordan Ayew,FW,1991-09-11,P-05374,name+dob,https://en.wikipedia.org/wiki/2026_FIFA_World_Cup_squads
Ghana,Brandon Thomas-Asante,FW,1998-12-29,,unmatched,https://en.wikipedia.org/wiki/2026_FIFA_World_Cup_squads
Ghana,Antoine Semenyo,MF,2000-01-07,P-00133,name+dob,https://en.wikipedia.org/wiki/2026_FIFA_World_Cup_squads
Ghana,Joseph Anang,GK,2000-06-08,,unmatched,https://en.wikipedia.org/wiki/2026_FIFA_World_Cup_squads
Ghana,Christopher Bonsu Baah,FW,2004-12-14,,unmatched,https://en.wikipedia.org/wiki/2026_FIFA_World_Cup_squads
Ghana,Gideon Mensah,DF,1998-07-18,P-02721,name+dob,https://en.wikipedia.org/wiki/2026_FIFA_World_Cup_squads
Ghana,Elisha Owusu,MF,1997-11-07,P-03304,name+dob,https://en.wikipedia.org/wiki/2026_FIFA_World_Cup_squads
Ghana,Benjamin Asare,GK,1992-07-13,,unmatched,https://en.wikipedia.org/wiki/2026_FIFA_World_Cup_squads
Ghana,Abdul Rahman Baba,DF,1994-07-02,,unmatched,https://en.wikipedia.org/wiki/2026_FIFA_World_Cup_squads
Ghana,Jerome Opoku,DF,1998-10-14,,unmatched,https://en.wikipedia.org/wiki/2026_FIFA_World_Cup_squads
Ghana,Inaki Williams,FW,1994-06-15,P-03282,name+dob,https://en.wikipedia.org/wiki/2026_FIFA_World_Cup_squads
Ghana,Augustine Boakye,MF,2000-11-03,,unmatched,https://en.wikipedia.org/wiki/2026_FIFA_World_Cup_squads
Ghana,Kojo Peprah Oppong,DF,2004-06-04,,unmatched,https://en.wikipedia.org/wiki/2026_FIFA_World_Cup_squads
Ghana,Kamaldeen Sulemana,FW,2002-02-15,P-05622,name+dob,https://en.wikipedia.org/wiki/2026_FIFA_World_Cup_squads
Ghana,Derrick Luckassen,DF,1995-07-03,,unmatched,https://en.wikipedia.org/wiki/2026_FIFA_World_Cup_squads
Ghana,Ernest Nuamah,FW,2003-11-01,,unmatched,https://en.wikipedia.org/wiki/2026_FIFA_World_Cup_squads
Ghana,Prince Kwabena Adu,FW,2003-09-23,,unmatched,https://en.wikipedia.org/wiki/2026_FIFA_World_Cup_squads
Ghana,Marvin Senaya,DF,2001-01-28,,unmatched,https://en.wikipedia.org/wiki/2026_FIFA_World_Cup_squads
Panama,Luis Mejia,GK,1991-03-16,,unmatched,https://en.wikipedia.org/wiki/2026_FIFA_World_Cup_squads
Panama,Cesar Blackman,DF,1998-04-02,,unmatched,https://en.wikipedia.org/wiki/2026_FIFA_World_Cup_squads
Panama,Jose Cordoba,DF,2001-06-03,,unmatched,https://en.wikipedia.org/wiki/2026_FIFA_World_Cup_squads
Panama,Fidel Escobar,DF,1995-01-09,P-04337,name+dob,https://en.wikipedia.org/wiki/2026_FIFA_World_Cup_squads
Panama,Edgardo Farina,DF,2001-10-19,,unmatched,https://en.wikipedia.org/wiki/2026_FIFA_World_Cup_squads
Panama,Cristian Martinez,MF,1997-02-06,,unmatched,https://en.wikipedia.org/wiki/2026_FIFA_World_Cup_squads
Panama,Jose Luis Rodriguez,MF,1998-06-19,P-05675,name+dob,https://en.wikipedia.org/wiki/2026_FIFA_World_Cup_squads
Panama,Adalberto Carrasquilla,MF,1998-11-28,,unmatched,https://en.wikipedia.org/wiki/2026_FIFA_World_Cup_squads
Panama,Tomas Rodriguez,FW,1999-03-09,,unmatched,https://en.wikipedia.org/wiki/2026_FIFA_World_Cup_squads
Panama,Ismael Diaz,MF,1997-05-12,P-06255,name+dob,https://en.wikipedia.org/wiki/2026_FIFA_World_Cup_squads
Panama,Yoel Barcenas,MF,1993-10-23,,unmatched,https://en.wikipedia.org/wiki/2026_FIFA_World_Cup_squads
Panama,Cesar Samudio,GK,1994-02-23,,unmatched,https://en.wikipedia.org/wiki/2026_FIFA_World_Cup_squads
Panama,Jiovany Ramos,DF,1997-01-26,,unmatched,https://en.wikipedia.org/wiki/2026_FIFA_World_Cup_squads
Panama,Carlos Harvey,DF,2000-02-03,,unmatched,https://en.wikipedia.org/wiki/2026_FIFA_World_Cup_squads
Panama,Eric Davis,DF,1991-03-31,,unmatched,https://en.wikipedia.org/wiki/2026_FIFA_World_Cup_squads
Panama,Andres Andrade,DF,1998-10-16,,unmatched,https://en.wikipedia.org/wiki/2026_FIFA_World_Cup_squads
Panama,Jose Fajardo,FW,1993-08-18,,unmatched,https://en.wikipedia.org/wiki/2026_FIFA_World_Cup_squads
Panama,Cecilio Waterman,FW,1991-04-13,,unmatched,https://en.wikipedia.org/wiki/2026_FIFA_World_Cup_squads
Panama,Alberto Quintero,MF,1987-12-18,,unmatched,https://en.wikipedia.org/wiki/2026_FIFA_World_Cup_squads
Panama,Anibal Godoy,MF,1990-02-10,P-04985,name+dob,https://en.wikipedia.org/wiki/2026_FIFA_World_Cup_squads
Panama,Cesar Yanis,MF,1996-01-28,,unmatched,https://en.wikipedia.org/wiki/2026_FIFA_World_Cup_squads
Panama,Orlando Mosquera,GK,1994-12-25,,unmatched,https://en.wikipedia.org/wiki/2026_FIFA_World_Cup_squads
Panama,Michael Amir Murillo,DF,1996-02-11,P-08428,name+dob,https://en.wikipedia.org/wiki/2026_FIFA_World_Cup_squads
Panama,Azarias Londono,FW,2001-06-21,,unmatched,https://en.wikipedia.org/wiki/2026_FIFA_World_Cup_squads
Panama,Roderick Miller,DF,1992-04-03,,unmatched,https://en.wikipedia.org/wiki/2026_FIFA_World_Cup_squads
Panama,Jorge Gutierrez,DF,1998-09-01,,unmatched,https://en.wikipedia.org/wiki/2026_FIFA_World_Cup_squads
